id,invoice_description,amount_usd,is_fraud,fraud_type
INV-2026-10001,Monthly retainer for cloud infrastructure hosting per Master Service Agreement MSA-859 and PO-46048.,37087.09,0,none
INV-2026-10002,Special management advisory fee regarding Q3 corporate restructuring.,11713.26,1,fraud
INV-2026-10003,Routine notice: Scheduled update to primary remittance account #7873 for contract CTR-127.,11801.59,0,none
INV-2026-10004,Special management advisory fee regarding Q3 corporate restructuring.,14615.7,1,fraud
INV-2026-10005,Fulfillment of PO-22156: 200 units of part #PRD-2584 shipped to Chicago distribution hub.,42527.22,0,none
INV-2026-10006,Special management advisory fee regarding Q3 corporate restructuring.,7116.48,1,fraud
INV-2026-10007,Executive travel reimbursement and client dining expense report for Q2 strategic review.,35524.02,0,none
INV-2026-10008,URGENT: Confidential wire transfer directive from executive committee. Settlement needed within 24 hours.,19626.19,1,fraud
INV-2026-10009,Executive travel reimbursement and client dining expense report for Q2 strategic review.,35389.2,0,none
INV-2026-10010,URGENT: Confidential wire transfer directive from executive committee. Settlement needed within 24 hours.,23650.75,1,fraud
INV-2026-10011,URGENT: Expedited wire transfer requested for emergency hardware replacement under SLA-324. Approved by IT director.,41268.33,0,none
INV-2026-10012,Administrative processing fee for expedited customs clearance. Remit payment to account ending in -4483.,33116.49,1,fraud
INV-2026-10013,Executive travel reimbursement and client dining expense report for Q2 strategic review.,13874.34,0,none
INV-2026-10014,Special management advisory fee regarding Q3 corporate restructuring.,25966.79,1,fraud
INV-2026-10015,Monthly retainer for cloud infrastructure hosting per Master Service Agreement MSA-981 and PO-24371.,30224.04,0,none
INV-2026-10016,Re-submission: Invoice for PO-71348 services rendered. Remit via updated wire transfer protocol.,34333.89,1,fraud
INV-2026-10017,Monthly retainer for freight shipping per Master Service Agreement MSA-868 and PO-44973.,15381.51,0,none
INV-2026-10018,Quarterly consulting retainer for executive legal counsel support. Direct payment required per invoice terms.,45718.76,1,fraud
INV-2026-10019,URGENT: Expedited wire transfer requested for emergency hardware replacement under SLA-723. Approved by IT director.,27429.57,0,none
INV-2026-10020,Special management advisory fee regarding Q3 corporate restructuring.,46525.83,1,fraud
INV-2026-10021,URGENT: Expedited wire transfer requested for emergency hardware replacement under SLA-159. Approved by IT director.,36863.47,0,none
INV-2026-10022,URGENT: Confidential wire transfer directive from executive committee. Settlement needed within 24 hours.,13987.77,1,fraud
INV-2026-10023,Routine notice: Scheduled update to primary remittance account #6107 for contract CTR-316.,20550.62,0,none
INV-2026-10024,Administrative processing fee for expedited customs clearance. Remit payment to account ending in -4681.,4137.27,1,fraud
INV-2026-10025,Monthly retainer for freight shipping per Master Service Agreement MSA-667 and PO-40161.,4478.66,0,none
INV-2026-10026,URGENT: Confidential wire transfer directive from executive committee. Settlement needed within 24 hours.,12662.23,1,fraud
INV-2026-10027,Executive travel reimbursement and client dining expense report for Q2 strategic review.,39446.35,0,none
INV-2026-10028,Re-submission: Invoice for PO-22704 services rendered. Remit via updated wire transfer protocol.,21755.35,1,fraud
INV-2026-10029,Executive travel reimbursement and client dining expense report for Q2 strategic review.,20728.44,0,none
INV-2026-10030,Administrative processing fee for expedited customs clearance. Remit payment to account ending in -8350.,7868.93,1,fraud
INV-2026-10031,Fulfillment of PO-42742: 50 units of part #PRD-8260 shipped to Chicago distribution hub.,3478.83,0,none
INV-2026-10032,Special management advisory fee regarding Q3 corporate restructuring.,24586.56,1,fraud
INV-2026-10033,Executive travel reimbursement and client dining expense report for Q2 strategic review.,46399.39,0,none
INV-2026-10034,Re-submission: Invoice for PO-82845 services rendered. Remit via updated wire transfer protocol.,10305.0,1,fraud
INV-2026-10035,Fulfillment of PO-81066: 50 units of part #PRD-6138 shipped to Chicago distribution hub.,3456.97,0,none
INV-2026-10036,Re-submission: Invoice for PO-79615 services rendered. Remit via updated wire transfer protocol.,4925.46,1,fraud
INV-2026-10037,Fulfillment of PO-18907: 500 units of part #PRD-4853 shipped to Chicago distribution hub.,6874.44,0,none
INV-2026-10038,Special management advisory fee regarding Q3 corporate restructuring.,33211.29,1,fraud
INV-2026-10039,Routine notice: Scheduled update to primary remittance account #4910 for contract CTR-423.,14015.11,0,none
INV-2026-10040,Quarterly consulting retainer for hardware maintenance support. Direct payment required per invoice terms.,31436.8,1,fraud
INV-2026-10041,Routine notice: Scheduled update to primary remittance account #5345 for contract CTR-175.,7490.37,0,none
INV-2026-10042,Administrative processing fee for expedited customs clearance. Remit payment to account ending in -8179.,41853.5,1,fraud
INV-2026-10043,URGENT: Expedited wire transfer requested for emergency hardware replacement under SLA-926. Approved by IT director.,46656.05,0,none
INV-2026-10044,URGENT: Confidential wire transfer directive from executive committee. Settlement needed within 24 hours.,14806.06,1,fraud
INV-2026-10045,Fulfillment of PO-93130: 200 units of part #PRD-9280 shipped to Chicago distribution hub.,13304.94,0,none
INV-2026-10046,URGENT: Confidential wire transfer directive from executive committee. Settlement needed within 24 hours.,17344.27,1,fraud
INV-2026-10047,Fulfillment of PO-67912: 500 units of part #PRD-8007 shipped to Chicago distribution hub.,6481.82,0,none
INV-2026-10048,Quarterly consulting retainer for freight shipping support. Direct payment required per invoice terms.,7244.83,1,fraud
INV-2026-10049,URGENT: Expedited wire transfer requested for emergency hardware replacement under SLA-915. Approved by IT director.,33679.74,0,none
INV-2026-10050,Administrative processing fee for expedited customs clearance. Remit payment to account ending in -4878.,43365.68,1,fraud
INV-2026-10051,Fulfillment of PO-33509: 500 units of part #PRD-6442 shipped to Chicago distribution hub.,40309.52,0,none
INV-2026-10052,Quarterly consulting retainer for hardware maintenance support. Direct payment required per invoice terms.,11899.25,1,fraud
INV-2026-10053,Executive travel reimbursement and client dining expense report for Q2 strategic review.,20524.83,0,none
INV-2026-10054,Administrative processing fee for expedited customs clearance. Remit payment to account ending in -7548.,34296.39,1,fraud
INV-2026-10055,Routine notice: Scheduled update to primary remittance account #5349 for contract CTR-128.,2874.6,0,none
INV-2026-10056,Special management advisory fee regarding Q3 corporate restructuring.,19874.58,1,fraud
INV-2026-10057,Routine notice: Scheduled update to primary remittance account #1027 for contract CTR-360.,26476.1,0,none
INV-2026-10058,Special management advisory fee regarding Q3 corporate restructuring.,33505.99,1,fraud
INV-2026-10059,Monthly retainer for hardware maintenance per Master Service Agreement MSA-619 and PO-50538.,20717.62,0,none
INV-2026-10060,Administrative processing fee for expedited customs clearance. Remit payment to account ending in -3851.,31160.23,1,fraud
INV-2026-10061,URGENT: Expedited wire transfer requested for emergency hardware replacement under SLA-661. Approved by IT director.,22064.52,0,none
INV-2026-10062,Special management advisory fee regarding Q3 corporate restructuring.,34105.73,1,fraud
INV-2026-10063,Routine notice: Scheduled update to primary remittance account #5649 for contract CTR-912.,26257.15,0,none
INV-2026-10064,Special management advisory fee regarding Q3 corporate restructuring.,40521.58,1,fraud
INV-2026-10065,Fulfillment of PO-42092: 200 units of part #PRD-2193 shipped to Chicago distribution hub.,21307.61,0,none
INV-2026-10066,Special management advisory fee regarding Q3 corporate restructuring.,8231.0,1,fraud
INV-2026-10067,Monthly retainer for cloud infrastructure hosting per Master Service Agreement MSA-897 and PO-65724.,23762.94,0,none
INV-2026-10068,Special management advisory fee regarding Q3 corporate restructuring.,33711.31,1,fraud
INV-2026-10069,Routine notice: Scheduled update to primary remittance account #7991 for contract CTR-424.,41697.89,0,none
INV-2026-10070,Special management advisory fee regarding Q3 corporate restructuring.,42153.28,1,fraud
INV-2026-10071,URGENT: Expedited wire transfer requested for emergency hardware replacement under SLA-596. Approved by IT director.,4796.68,0,none
INV-2026-10072,Administrative processing fee for expedited customs clearance. Remit payment to account ending in -2320.,7780.33,1,fraud
INV-2026-10073,Fulfillment of PO-30028: 500 units of part #PRD-4505 shipped to Chicago distribution hub.,21328.53,0,none
INV-2026-10074,Administrative processing fee for expedited customs clearance. Remit payment to account ending in -7883.,20084.36,1,fraud
INV-2026-10075,Routine notice: Scheduled update to primary remittance account #1096 for contract CTR-977.,47194.34,0,none
INV-2026-10076,Administrative processing fee for expedited customs clearance. Remit payment to account ending in -4613.,24923.24,1,fraud
INV-2026-10077,URGENT: Expedited wire transfer requested for emergency hardware replacement under SLA-597. Approved by IT director.,36484.89,0,none
INV-2026-10078,Re-submission: Invoice for PO-80008 services rendered. Remit via updated wire transfer protocol.,5113.43,1,fraud
INV-2026-10079,Executive travel reimbursement and client dining expense report for Q2 strategic review.,19576.09,0,none
INV-2026-10080,Quarterly consulting retainer for executive legal counsel support. Direct payment required per invoice terms.,13361.31,1,fraud
INV-2026-10081,Monthly retainer for executive legal counsel per Master Service Agreement MSA-119 and PO-80702.,32857.06,0,none
INV-2026-10082,URGENT: Confidential wire transfer directive from executive committee. Settlement needed within 24 hours.,7184.83,1,fraud
INV-2026-10083,Monthly retainer for freight shipping per Master Service Agreement MSA-323 and PO-70952.,9221.67,0,none
INV-2026-10084,Special management advisory fee regarding Q3 corporate restructuring.,46515.47,1,fraud
INV-2026-10085,Routine notice: Scheduled update to primary remittance account #2669 for contract CTR-506.,35162.46,0,none
INV-2026-10086,Administrative processing fee for expedited customs clearance. Remit payment to account ending in -6688.,27104.52,1,fraud
INV-2026-10087,URGENT: Expedited wire transfer requested for emergency hardware replacement under SLA-618. Approved by IT director.,41294.21,0,none
INV-2026-10088,URGENT: Confidential wire transfer directive from executive committee. Settlement needed within 24 hours.,9630.71,1,fraud
INV-2026-10089,Routine notice: Scheduled update to primary remittance account #8136 for contract CTR-730.,41461.0,0,none
INV-2026-10090,Special management advisory fee regarding Q3 corporate restructuring.,12949.31,1,fraud
INV-2026-10091,Executive travel reimbursement and client dining expense report for Q2 strategic review.,25221.02,0,none
INV-2026-10092,Administrative processing fee for expedited customs clearance. Remit payment to account ending in -6576.,14703.27,1,fraud
INV-2026-10093,Routine notice: Scheduled update to primary remittance account #2402 for contract CTR-669.,12826.45,0,none
INV-2026-10094,Re-submission: Invoice for PO-41499 services rendered. Remit via updated wire transfer protocol.,22960.55,1,fraud
INV-2026-10095,Monthly retainer for cloud infrastructure hosting per Master Service Agreement MSA-401 and PO-39045.,33534.04,0,none
INV-2026-10096,Administrative processing fee for expedited customs clearance. Remit payment to account ending in -6419.,18238.72,1,fraud
INV-2026-10097,Executive travel reimbursement and client dining expense report for Q2 strategic review.,16461.85,0,none
INV-2026-10098,Special management advisory fee regarding Q3 corporate restructuring.,36504.67,1,fraud
INV-2026-10099,Routine notice: Scheduled update to primary remittance account #4727 for contract CTR-389.,18683.17,0,none
INV-2026-10100,Administrative processing fee for expedited customs clearance. Remit payment to account ending in -1745.,48740.45,1,fraud
INV-2026-10101,Routine notice: Scheduled update to primary remittance account #2680 for contract CTR-814.,43763.27,0,none
INV-2026-10102,Special management advisory fee regarding Q3 corporate restructuring.,48309.38,1,fraud
INV-2026-10103,URGENT: Expedited wire transfer requested for emergency hardware replacement under SLA-216. Approved by IT director.,29274.04,0,none
INV-2026-10104,URGENT: Confidential wire transfer directive from executive committee. Settlement needed within 24 hours.,6804.13,1,fraud
INV-2026-10105,Executive travel reimbursement and client dining expense report for Q2 strategic review.,23075.21,0,none
INV-2026-10106,Re-submission: Invoice for PO-87139 services rendered. Remit via updated wire transfer protocol.,30871.91,1,fraud
INV-2026-10107,Monthly retainer for cybersecurity compliance audit per Master Service Agreement MSA-740 and PO-37659.,12753.39,0,none
INV-2026-10108,Special management advisory fee regarding Q3 corporate restructuring.,15271.71,1,fraud
INV-2026-10109,Fulfillment of PO-47056: 500 units of part #PRD-8438 shipped to Chicago distribution hub.,34681.86,0,none
INV-2026-10110,Administrative processing fee for expedited customs clearance. Remit payment to account ending in -9922.,12015.66,1,fraud
INV-2026-10111,Fulfillment of PO-28643: 50 units of part #PRD-1977 shipped to Chicago distribution hub.,39838.8,0,none
INV-2026-10112,Special management advisory fee regarding Q3 corporate restructuring.,35286.95,1,fraud
INV-2026-10113,URGENT: Expedited wire transfer requested for emergency hardware replacement under SLA-652. Approved by IT director.,44581.72,0,none
INV-2026-10114,Administrative processing fee for expedited customs clearance. Remit payment to account ending in -1339.,49979.05,1,fraud
INV-2026-10115,URGENT: Expedited wire transfer requested for emergency hardware replacement under SLA-141. Approved by IT director.,45887.57,0,none
INV-2026-10116,Quarterly consulting retainer for freight shipping support. Direct payment required per invoice terms.,18050.09,1,fraud
INV-2026-10117,URGENT: Expedited wire transfer requested for emergency hardware replacement under SLA-786. Approved by IT director.,34990.01,0,none
INV-2026-10118,Administrative processing fee for expedited customs clearance. Remit payment to account ending in -2442.,16411.34,1,fraud
INV-2026-10119,URGENT: Expedited wire transfer requested for emergency hardware replacement under SLA-891. Approved by IT director.,23636.84,0,none
INV-2026-10120,URGENT: Confidential wire transfer directive from executive committee. Settlement needed within 24 hours.,38239.54,1,fraud
INV-2026-10121,Fulfillment of PO-27172: 200 units of part #PRD-8178 shipped to Chicago distribution hub.,6949.88,0,none
INV-2026-10122,Special management advisory fee regarding Q3 corporate restructuring.,5567.25,1,fraud
INV-2026-10123,Monthly retainer for executive legal counsel per Master Service Agreement MSA-220 and PO-94896.,25934.73,0,none
INV-2026-10124,Administrative processing fee for expedited customs clearance. Remit payment to account ending in -8483.,28011.99,1,fraud
INV-2026-10125,Executive travel reimbursement and client dining expense report for Q2 strategic review.,14536.12,0,none
INV-2026-10126,Re-submission: Invoice for PO-76550 services rendered. Remit via updated wire transfer protocol.,36576.5,1,fraud
INV-2026-10127,Routine notice: Scheduled update to primary remittance account #9824 for contract CTR-775.,24732.73,0,none
INV-2026-10128,Administrative processing fee for expedited customs clearance. Remit payment to account ending in -6272.,43610.48,1,fraud
INV-2026-10129,Fulfillment of PO-40613: 200 units of part #PRD-1715 shipped to Chicago distribution hub.,37490.55,0,none
INV-2026-10130,Re-submission: Invoice for PO-95461 services rendered. Remit via updated wire transfer protocol.,7186.07,1,fraud
INV-2026-10131,Routine notice: Scheduled update to primary remittance account #9617 for contract CTR-990.,45611.64,0,none
INV-2026-10132,URGENT: Confidential wire transfer directive from executive committee. Settlement needed within 24 hours.,39294.74,1,fraud
INV-2026-10133,URGENT: Expedited wire transfer requested for emergency hardware replacement under SLA-738. Approved by IT director.,42764.73,0,none
INV-2026-10134,Special management advisory fee regarding Q3 corporate restructuring.,2759.06,1,fraud
INV-2026-10135,Monthly retainer for cybersecurity compliance audit per Master Service Agreement MSA-746 and PO-99705.,22264.6,0,none
INV-2026-10136,URGENT: Confidential wire transfer directive from executive committee. Settlement needed within 24 hours.,3253.56,1,fraud
INV-2026-10137,Monthly retainer for hardware maintenance per Master Service Agreement MSA-467 and PO-59131.,27027.15,0,none
INV-2026-10138,Special management advisory fee regarding Q3 corporate restructuring.,25385.7,1,fraud
INV-2026-10139,Routine notice: Scheduled update to primary remittance account #8529 for contract CTR-337.,13511.01,0,none
INV-2026-10140,URGENT: Confidential wire transfer directive from executive committee. Settlement needed within 24 hours.,22644.76,1,fraud
INV-2026-10141,URGENT: Expedited wire transfer requested for emergency hardware replacement under SLA-406. Approved by IT director.,42419.89,0,none
INV-2026-10142,Quarterly consulting retainer for executive legal counsel support. Direct payment required per invoice terms.,29024.21,1,fraud
INV-2026-10143,Routine notice: Scheduled update to primary remittance account #5497 for contract CTR-816.,1396.8,0,none
INV-2026-10144,URGENT: Confidential wire transfer directive from executive committee. Settlement needed within 24 hours.,11731.22,1,fraud
INV-2026-10145,Fulfillment of PO-98835: 500 units of part #PRD-3240 shipped to Chicago distribution hub.,45266.78,0,none
INV-2026-10146,URGENT: Confidential wire transfer directive from executive committee. Settlement needed within 24 hours.,5416.54,1,fraud
INV-2026-10147,URGENT: Expedited wire transfer requested for emergency hardware replacement under SLA-865. Approved by IT director.,39539.13,0,none
INV-2026-10148,Administrative processing fee for expedited customs clearance. Remit payment to account ending in -8894.,48401.82,1,fraud
INV-2026-10149,URGENT: Expedited wire transfer requested for emergency hardware replacement under SLA-923. Approved by IT director.,37953.42,0,none
INV-2026-10150,Quarterly consulting retainer for executive legal counsel support. Direct payment required per invoice terms.,1682.01,1,fraud
INV-2026-10151,Routine notice: Scheduled update to primary remittance account #7242 for contract CTR-565.,41298.45,0,none
INV-2026-10152,Administrative processing fee for expedited customs clearance. Remit payment to account ending in -6374.,45847.54,1,fraud
INV-2026-10153,Fulfillment of PO-70852: 500 units of part #PRD-5951 shipped to Chicago distribution hub.,6717.12,0,none
INV-2026-10154,URGENT: Confidential wire transfer directive from executive committee. Settlement needed within 24 hours.,44475.71,1,fraud
INV-2026-10155,Fulfillment of PO-58629: 500 units of part #PRD-9850 shipped to Chicago distribution hub.,29779.68,0,none
INV-2026-10156,Quarterly consulting retainer for executive legal counsel support. Direct payment required per invoice terms.,2603.1,1,fraud
INV-2026-10157,URGENT: Expedited wire transfer requested for emergency hardware replacement under SLA-554. Approved by IT director.,49065.46,0,none
INV-2026-10158,Administrative processing fee for expedited customs clearance. Remit payment to account ending in -5520.,10300.62,1,fraud
INV-2026-10159,Monthly retainer for executive legal counsel per Master Service Agreement MSA-193 and PO-96870.,39552.93,0,none
INV-2026-10160,Quarterly consulting retainer for cybersecurity compliance audit support. Direct payment required per invoice terms.,29732.77,1,fraud
INV-2026-10161,Fulfillment of PO-29340: 500 units of part #PRD-1046 shipped to Chicago distribution hub.,43061.9,0,none
INV-2026-10162,Quarterly consulting retainer for cybersecurity compliance audit support. Direct payment required per invoice terms.,7458.36,1,fraud
INV-2026-10163,URGENT: Expedited wire transfer requested for emergency hardware replacement under SLA-702. Approved by IT director.,3567.55,0,none
INV-2026-10164,Re-submission: Invoice for PO-18330 services rendered. Remit via updated wire transfer protocol.,26148.66,1,fraud
INV-2026-10165,Monthly retainer for executive legal counsel per Master Service Agreement MSA-615 and PO-39038.,15779.89,0,none
INV-2026-10166,URGENT: Confidential wire transfer directive from executive committee. Settlement needed within 24 hours.,35907.66,1,fraud
INV-2026-10167,Executive travel reimbursement and client dining expense report for Q2 strategic review.,7183.39,0,none
INV-2026-10168,Special management advisory fee regarding Q3 corporate restructuring.,23232.06,1,fraud
INV-2026-10169,Routine notice: Scheduled update to primary remittance account #8046 for contract CTR-201.,23126.19,0,none
INV-2026-10170,Quarterly consulting retainer for executive legal counsel support. Direct payment required per invoice terms.,16314.87,1,fraud
INV-2026-10171,URGENT: Expedited wire transfer requested for emergency hardware replacement under SLA-483. Approved by IT director.,5470.01,0,none
INV-2026-10172,URGENT: Confidential wire transfer directive from executive committee. Settlement needed within 24 hours.,28262.17,1,fraud
INV-2026-10173,Routine notice: Scheduled update to primary remittance account #7730 for contract CTR-675.,18326.31,0,none
INV-2026-10174,Re-submission: Invoice for PO-88696 services rendered. Remit via updated wire transfer protocol.,29318.01,1,fraud
INV-2026-10175,Fulfillment of PO-73201: 50 units of part #PRD-2773 shipped to Chicago distribution hub.,42423.3,0,none
INV-2026-10176,Administrative processing fee for expedited customs clearance. Remit payment to account ending in -8030.,42412.6,1,fraud
INV-2026-10177,Routine notice: Scheduled update to primary remittance account #5381 for contract CTR-791.,2418.71,0,none
INV-2026-10178,Administrative processing fee for expedited customs clearance. Remit payment to account ending in -3347.,28749.73,1,fraud
INV-2026-10179,Executive travel reimbursement and client dining expense report for Q2 strategic review.,11541.51,0,none
INV-2026-10180,Re-submission: Invoice for PO-30631 services rendered. Remit via updated wire transfer protocol.,39064.95,1,fraud
INV-2026-10181,Routine notice: Scheduled update to primary remittance account #1815 for contract CTR-186.,34024.47,0,none
INV-2026-10182,Administrative processing fee for expedited customs clearance. Remit payment to account ending in -7785.,14385.18,1,fraud
INV-2026-10183,Routine notice: Scheduled update to primary remittance account #8972 for contract CTR-453.,26819.77,0,none
INV-2026-10184,Administrative processing fee for expedited customs clearance. Remit payment to account ending in -1125.,11016.73,1,fraud
INV-2026-10185,Fulfillment of PO-43491: 200 units of part #PRD-6375 shipped to Chicago distribution hub.,1378.77,0,none
INV-2026-10186,Re-submission: Invoice for PO-59834 services rendered. Remit via updated wire transfer protocol.,28377.45,1,fraud
INV-2026-10187,URGENT: Expedited wire transfer requested for emergency hardware replacement under SLA-506. Approved by IT director.,46136.96,0,none
INV-2026-10188,Administrative processing fee for expedited customs clearance. Remit payment to account ending in -5743.,6643.5,1,fraud
INV-2026-10189,Monthly retainer for hardware maintenance per Master Service Agreement MSA-275 and PO-91018.,22398.88,0,none
INV-2026-10190,URGENT: Confidential wire transfer directive from executive committee. Settlement needed within 24 hours.,20392.57,1,fraud
INV-2026-10191,URGENT: Expedited wire transfer requested for emergency hardware replacement under SLA-326. Approved by IT director.,32028.01,0,none
INV-2026-10192,Special management advisory fee regarding Q3 corporate restructuring.,6037.42,1,fraud
INV-2026-10193,URGENT: Expedited wire transfer requested for emergency hardware replacement under SLA-277. Approved by IT director.,47613.31,0,none
INV-2026-10194,Re-submission: Invoice for PO-83889 services rendered. Remit via updated wire transfer protocol.,43348.1,1,fraud
INV-2026-10195,URGENT: Expedited wire transfer requested for emergency hardware replacement under SLA-550. Approved by IT director.,40020.15,0,none
INV-2026-10196,Special management advisory fee regarding Q3 corporate restructuring.,23143.78,1,fraud
INV-2026-10197,Monthly retainer for hardware maintenance per Master Service Agreement MSA-951 and PO-47627.,19839.64,0,none
INV-2026-10198,Special management advisory fee regarding Q3 corporate restructuring.,30645.29,1,fraud
INV-2026-10199,Routine notice: Scheduled update to primary remittance account #2381 for contract CTR-163.,25722.9,0,none
INV-2026-10200,Quarterly consulting retainer for cloud infrastructure hosting support. Direct payment required per invoice terms.,30880.46,1,fraud
INV-2026-10201,URGENT: Expedited wire transfer requested for emergency hardware replacement under SLA-389. Approved by IT director.,39672.12,0,none
INV-2026-10202,Administrative processing fee for expedited customs clearance. Remit payment to account ending in -5655.,13347.79,1,fraud
INV-2026-10203,Routine notice: Scheduled update to primary remittance account #6731 for contract CTR-441.,16201.36,0,none
INV-2026-10204,Re-submission: Invoice for PO-21104 services rendered. Remit via updated wire transfer protocol.,40846.05,1,fraud
INV-2026-10205,Routine notice: Scheduled update to primary remittance account #6928 for contract CTR-761.,1893.3,0,none
INV-2026-10206,Administrative processing fee for expedited customs clearance. Remit payment to account ending in -4711.,49998.85,1,fraud
INV-2026-10207,Fulfillment of PO-23256: 500 units of part #PRD-9843 shipped to Chicago distribution hub.,2849.63,0,none
INV-2026-10208,Administrative processing fee for expedited customs clearance. Remit payment to account ending in -3658.,9861.45,1,fraud
INV-2026-10209,Routine notice: Scheduled update to primary remittance account #6968 for contract CTR-838.,34141.78,0,none
INV-2026-10210,Quarterly consulting retainer for executive legal counsel support. Direct payment required per invoice terms.,27166.55,1,fraud
INV-2026-10211,URGENT: Expedited wire transfer requested for emergency hardware replacement under SLA-955. Approved by IT director.,38702.49,0,none
INV-2026-10212,Re-submission: Invoice for PO-64874 services rendered. Remit via updated wire transfer protocol.,43777.09,1,fraud
INV-2026-10213,Monthly retainer for executive legal counsel per Master Service Agreement MSA-995 and PO-58655.,42707.14,0,none
INV-2026-10214,Administrative processing fee for expedited customs clearance. Remit payment to account ending in -9410.,8220.08,1,fraud
INV-2026-10215,Executive travel reimbursement and client dining expense report for Q2 strategic review.,3609.59,0,none
INV-2026-10216,Special management advisory fee regarding Q3 corporate restructuring.,2381.19,1,fraud
INV-2026-10217,Monthly retainer for hardware maintenance per Master Service Agreement MSA-910 and PO-29142.,45952.41,0,none
INV-2026-10218,Re-submission: Invoice for PO-71487 services rendered. Remit via updated wire transfer protocol.,1931.19,1,fraud
INV-2026-10219,Fulfillment of PO-89807: 500 units of part #PRD-7934 shipped to Chicago distribution hub.,39032.46,0,none
INV-2026-10220,Quarterly consulting retainer for hardware maintenance support. Direct payment required per invoice terms.,4077.55,1,fraud
INV-2026-10221,Executive travel reimbursement and client dining expense report for Q2 strategic review.,36208.67,0,none
INV-2026-10222,Administrative processing fee for expedited customs clearance. Remit payment to account ending in -7825.,10178.38,1,fraud
INV-2026-10223,Monthly retainer for freight shipping per Master Service Agreement MSA-469 and PO-18870.,39534.2,0,none
INV-2026-10224,Special management advisory fee regarding Q3 corporate restructuring.,49070.93,1,fraud
INV-2026-10225,URGENT: Expedited wire transfer requested for emergency hardware replacement under SLA-465. Approved by IT director.,38803.57,0,none
INV-2026-10226,Administrative processing fee for expedited customs clearance. Remit payment to account ending in -3868.,41688.8,1,fraud
INV-2026-10227,Executive travel reimbursement and client dining expense report for Q2 strategic review.,2812.21,0,none
INV-2026-10228,Quarterly consulting retainer for cloud infrastructure hosting support. Direct payment required per invoice terms.,26253.8,1,fraud
INV-2026-10229,Routine notice: Scheduled update to primary remittance account #5687 for contract CTR-359.,18491.73,0,none
INV-2026-10230,URGENT: Confidential wire transfer directive from executive committee. Settlement needed within 24 hours.,37422.08,1,fraud
INV-2026-10231,Executive travel reimbursement and client dining expense report for Q2 strategic review.,46291.21,0,none
INV-2026-10232,Special management advisory fee regarding Q3 corporate restructuring.,22099.75,1,fraud
INV-2026-10233,Fulfillment of PO-52101: 50 units of part #PRD-2311 shipped to Chicago distribution hub.,33385.04,0,none
INV-2026-10234,Administrative processing fee for expedited customs clearance. Remit payment to account ending in -6759.,22909.35,1,fraud
INV-2026-10235,URGENT: Expedited wire transfer requested for emergency hardware replacement under SLA-545. Approved by IT director.,33888.01,0,none
INV-2026-10236,Re-submission: Invoice for PO-99051 services rendered. Remit via updated wire transfer protocol.,42584.8,1,fraud
INV-2026-10237,Executive travel reimbursement and client dining expense report for Q2 strategic review.,19759.87,0,none
INV-2026-10238,Special management advisory fee regarding Q3 corporate restructuring.,19228.66,1,fraud
INV-2026-10239,Monthly retainer for freight shipping per Master Service Agreement MSA-240 and PO-79397.,32828.48,0,none
INV-2026-10240,Quarterly consulting retainer for cloud infrastructure hosting support. Direct payment required per invoice terms.,45763.58,1,fraud
INV-2026-10241,Monthly retainer for hardware maintenance per Master Service Agreement MSA-893 and PO-44116.,49821.89,0,none
INV-2026-10242,Administrative processing fee for expedited customs clearance. Remit payment to account ending in -8406.,9460.16,1,fraud
INV-2026-10243,Executive travel reimbursement and client dining expense report for Q2 strategic review.,27949.86,0,none
INV-2026-10244,Administrative processing fee for expedited customs clearance. Remit payment to account ending in -6922.,25929.03,1,fraud
INV-2026-10245,Monthly retainer for cybersecurity compliance audit per Master Service Agreement MSA-911 and PO-28202.,18683.93,0,none
INV-2026-10246,Special management advisory fee regarding Q3 corporate restructuring.,16155.25,1,fraud
INV-2026-10247,Executive travel reimbursement and client dining expense report for Q2 strategic review.,48646.61,0,none
INV-2026-10248,URGENT: Confidential wire transfer directive from executive committee. Settlement needed within 24 hours.,44020.05,1,fraud
INV-2026-10249,Routine notice: Scheduled update to primary remittance account #1907 for contract CTR-286.,41738.15,0,none
INV-2026-10250,Special management advisory fee regarding Q3 corporate restructuring.,17955.13,1,fraud
INV-2026-10251,Routine notice: Scheduled update to primary remittance account #5496 for contract CTR-966.,7133.34,0,none
INV-2026-10252,Administrative processing fee for expedited customs clearance. Remit payment to account ending in -3526.,9388.83,1,fraud
INV-2026-10253,Routine notice: Scheduled update to primary remittance account #2330 for contract CTR-445.,3227.63,0,none
INV-2026-10254,Special management advisory fee regarding Q3 corporate restructuring.,25403.86,1,fraud
INV-2026-10255,Routine notice: Scheduled update to primary remittance account #7653 for contract CTR-757.,15574.26,0,none
INV-2026-10256,URGENT: Confidential wire transfer directive from executive committee. Settlement needed within 24 hours.,10997.13,1,fraud
INV-2026-10257,Routine notice: Scheduled update to primary remittance account #7532 for contract CTR-420.,7407.54,0,none
INV-2026-10258,Administrative processing fee for expedited customs clearance. Remit payment to account ending in -8642.,7003.57,1,fraud
INV-2026-10259,Executive travel reimbursement and client dining expense report for Q2 strategic review.,43344.03,0,none
INV-2026-10260,Re-submission: Invoice for PO-30932 services rendered. Remit via updated wire transfer protocol.,38392.95,1,fraud
INV-2026-10261,Executive travel reimbursement and client dining expense report for Q2 strategic review.,5412.41,0,none
INV-2026-10262,Re-submission: Invoice for PO-41552 services rendered. Remit via updated wire transfer protocol.,3476.48,1,fraud
INV-2026-10263,Executive travel reimbursement and client dining expense report for Q2 strategic review.,27297.85,0,none
INV-2026-10264,URGENT: Confidential wire transfer directive from executive committee. Settlement needed within 24 hours.,18930.93,1,fraud
INV-2026-10265,Executive travel reimbursement and client dining expense report for Q2 strategic review.,4603.06,0,none
INV-2026-10266,Special management advisory fee regarding Q3 corporate restructuring.,48779.06,1,fraud
INV-2026-10267,Executive travel reimbursement and client dining expense report for Q2 strategic review.,10753.84,0,none
INV-2026-10268,Special management advisory fee regarding Q3 corporate restructuring.,35966.0,1,fraud
INV-2026-10269,Executive travel reimbursement and client dining expense report for Q2 strategic review.,17070.33,0,none
INV-2026-10270,Special management advisory fee regarding Q3 corporate restructuring.,25858.43,1,fraud
INV-2026-10271,Routine notice: Scheduled update to primary remittance account #1272 for contract CTR-601.,19049.53,0,none
INV-2026-10272,URGENT: Confidential wire transfer directive from executive committee. Settlement needed within 24 hours.,14010.99,1,fraud
INV-2026-10273,Routine notice: Scheduled update to primary remittance account #3793 for contract CTR-333.,26687.38,0,none
INV-2026-10274,Special management advisory fee regarding Q3 corporate restructuring.,10348.43,1,fraud
INV-2026-10275,Executive travel reimbursement and client dining expense report for Q2 strategic review.,25589.16,0,none
INV-2026-10276,Special management advisory fee regarding Q3 corporate restructuring.,11159.74,1,fraud
INV-2026-10277,URGENT: Expedited wire transfer requested for emergency hardware replacement under SLA-638. Approved by IT director.,45694.08,0,none
INV-2026-10278,Administrative processing fee for expedited customs clearance. Remit payment to account ending in -8932.,10420.94,1,fraud
INV-2026-10279,Fulfillment of PO-49124: 50 units of part #PRD-5876 shipped to Chicago distribution hub.,35540.15,0,none
INV-2026-10280,Re-submission: Invoice for PO-55718 services rendered. Remit via updated wire transfer protocol.,6971.83,1,fraud
INV-2026-10281,Routine notice: Scheduled update to primary remittance account #1689 for contract CTR-504.,15093.89,0,none
INV-2026-10282,URGENT: Confidential wire transfer directive from executive committee. Settlement needed within 24 hours.,10901.33,1,fraud
INV-2026-10283,Routine notice: Scheduled update to primary remittance account #4920 for contract CTR-675.,12880.44,0,none
INV-2026-10284,Special management advisory fee regarding Q3 corporate restructuring.,17184.39,1,fraud
INV-2026-10285,Executive travel reimbursement and client dining expense report for Q2 strategic review.,32991.75,0,none
INV-2026-10286,Re-submission: Invoice for PO-36143 services rendered. Remit via updated wire transfer protocol.,32649.0,1,fraud
INV-2026-10287,Monthly retainer for freight shipping per Master Service Agreement MSA-337 and PO-80143.,21476.36,0,none
INV-2026-10288,Quarterly consulting retainer for cloud infrastructure hosting support. Direct payment required per invoice terms.,43960.42,1,fraud
INV-2026-10289,Monthly retainer for hardware maintenance per Master Service Agreement MSA-681 and PO-89007.,23263.1,0,none
INV-2026-10290,Special management advisory fee regarding Q3 corporate restructuring.,10447.76,1,fraud
INV-2026-10291,Monthly retainer for hardware maintenance per Master Service Agreement MSA-266 and PO-70150.,1690.13,0,none
INV-2026-10292,Administrative processing fee for expedited customs clearance. Remit payment to account ending in -7643.,41522.5,1,fraud
INV-2026-10293,Routine notice: Scheduled update to primary remittance account #4027 for contract CTR-188.,49102.57,0,none
INV-2026-10294,Re-submission: Invoice for PO-10895 services rendered. Remit via updated wire transfer protocol.,22890.04,1,fraud
INV-2026-10295,URGENT: Expedited wire transfer requested for emergency hardware replacement under SLA-409. Approved by IT director.,33030.48,0,none
INV-2026-10296,Quarterly consulting retainer for cloud infrastructure hosting support. Direct payment required per invoice terms.,20865.41,1,fraud
INV-2026-10297,Routine notice: Scheduled update to primary remittance account #7021 for contract CTR-806.,31116.65,0,none
INV-2026-10298,Quarterly consulting retainer for cybersecurity compliance audit support. Direct payment required per invoice terms.,35395.1,1,fraud
INV-2026-10299,Executive travel reimbursement and client dining expense report for Q2 strategic review.,26749.83,0,none
INV-2026-10300,Special management advisory fee regarding Q3 corporate restructuring.,45241.52,1,fraud
INV-2026-10301,Fulfillment of PO-29641: 50 units of part #PRD-6375 shipped to Chicago distribution hub.,22650.19,0,none
INV-2026-10302,Quarterly consulting retainer for freight shipping support. Direct payment required per invoice terms.,23218.18,1,fraud
INV-2026-10303,Routine notice: Scheduled update to primary remittance account #6049 for contract CTR-567.,36440.72,0,none
INV-2026-10304,Re-submission: Invoice for PO-10395 services rendered. Remit via updated wire transfer protocol.,3219.2,1,fraud
INV-2026-10305,URGENT: Expedited wire transfer requested for emergency hardware replacement under SLA-654. Approved by IT director.,15067.44,0,none
INV-2026-10306,Quarterly consulting retainer for cybersecurity compliance audit support. Direct payment required per invoice terms.,49649.97,1,fraud
INV-2026-10307,Executive travel reimbursement and client dining expense report for Q2 strategic review.,7516.5,0,none
INV-2026-10308,Administrative processing fee for expedited customs clearance. Remit payment to account ending in -3086.,36665.05,1,fraud
INV-2026-10309,Fulfillment of PO-12979: 200 units of part #PRD-8585 shipped to Chicago distribution hub.,21782.27,0,none
INV-2026-10310,Re-submission: Invoice for PO-70375 services rendered. Remit via updated wire transfer protocol.,10235.54,1,fraud
INV-2026-10311,Monthly retainer for cloud infrastructure hosting per Master Service Agreement MSA-928 and PO-96533.,11098.0,0,none
INV-2026-10312,URGENT: Confidential wire transfer directive from executive committee. Settlement needed within 24 hours.,37286.51,1,fraud
INV-2026-10313,Executive travel reimbursement and client dining expense report for Q2 strategic review.,25690.9,0,none
INV-2026-10314,Administrative processing fee for expedited customs clearance. Remit payment to account ending in -4881.,15786.46,1,fraud
INV-2026-10315,Fulfillment of PO-64206: 200 units of part #PRD-5508 shipped to Chicago distribution hub.,28279.19,0,none
INV-2026-10316,Special management advisory fee regarding Q3 corporate restructuring.,48642.22,1,fraud
INV-2026-10317,Executive travel reimbursement and client dining expense report for Q2 strategic review.,19446.55,0,none
INV-2026-10318,Special management advisory fee regarding Q3 corporate restructuring.,45822.32,1,fraud
INV-2026-10319,Routine notice: Scheduled update to primary remittance account #7363 for contract CTR-526.,12900.07,0,none
INV-2026-10320,Quarterly consulting retainer for hardware maintenance support. Direct payment required per invoice terms.,27246.14,1,fraud
INV-2026-10321,Fulfillment of PO-59436: 500 units of part #PRD-1647 shipped to Chicago distribution hub.,10220.0,0,none
INV-2026-10322,Special management advisory fee regarding Q3 corporate restructuring.,47893.97,1,fraud
INV-2026-10323,Monthly retainer for cybersecurity compliance audit per Master Service Agreement MSA-294 and PO-25376.,35085.69,0,none
INV-2026-10324,Quarterly consulting retainer for executive legal counsel support. Direct payment required per invoice terms.,23846.27,1,fraud
INV-2026-10325,URGENT: Expedited wire transfer requested for emergency hardware replacement under SLA-367. Approved by IT director.,5831.8,0,none
INV-2026-10326,Re-submission: Invoice for PO-58589 services rendered. Remit via updated wire transfer protocol.,28563.71,1,fraud
INV-2026-10327,Fulfillment of PO-44180: 500 units of part #PRD-7841 shipped to Chicago distribution hub.,8468.16,0,none
INV-2026-10328,Administrative processing fee for expedited customs clearance. Remit payment to account ending in -6530.,13609.01,1,fraud
INV-2026-10329,Executive travel reimbursement and client dining expense report for Q2 strategic review.,7857.97,0,none
INV-2026-10330,Special management advisory fee regarding Q3 corporate restructuring.,2657.36,1,fraud
INV-2026-10331,Monthly retainer for cloud infrastructure hosting per Master Service Agreement MSA-882 and PO-10836.,4330.43,0,none
INV-2026-10332,Quarterly consulting retainer for cloud infrastructure hosting support. Direct payment required per invoice terms.,31273.93,1,fraud
INV-2026-10333,Routine notice: Scheduled update to primary remittance account #9719 for contract CTR-775.,28030.53,0,none
INV-2026-10334,URGENT: Confidential wire transfer directive from executive committee. Settlement needed within 24 hours.,25608.59,1,fraud
INV-2026-10335,Executive travel reimbursement and client dining expense report for Q2 strategic review.,10404.67,0,none
INV-2026-10336,Special management advisory fee regarding Q3 corporate restructuring.,19279.53,1,fraud
INV-2026-10337,Executive travel reimbursement and client dining expense report for Q2 strategic review.,34518.04,0,none
INV-2026-10338,URGENT: Confidential wire transfer directive from executive committee. Settlement needed within 24 hours.,3749.63,1,fraud
INV-2026-10339,Monthly retainer for cybersecurity compliance audit per Master Service Agreement MSA-184 and PO-75517.,44844.77,0,none
INV-2026-10340,URGENT: Confidential wire transfer directive from executive committee. Settlement needed within 24 hours.,46283.8,1,fraud
INV-2026-10341,URGENT: Expedited wire transfer requested for emergency hardware replacement under SLA-677. Approved by IT director.,1767.25,0,none
INV-2026-10342,Quarterly consulting retainer for freight shipping support. Direct payment required per invoice terms.,28633.95,1,fraud
INV-2026-10343,Routine notice: Scheduled update to primary remittance account #3292 for contract CTR-793.,39734.41,0,none
INV-2026-10344,URGENT: Confidential wire transfer directive from executive committee. Settlement needed within 24 hours.,12375.06,1,fraud
INV-2026-10345,Monthly retainer for hardware maintenance per Master Service Agreement MSA-719 and PO-90460.,2451.66,0,none
INV-2026-10346,Administrative processing fee for expedited customs clearance. Remit payment to account ending in -8075.,10101.15,1,fraud
INV-2026-10347,Routine notice: Scheduled update to primary remittance account #2204 for contract CTR-187.,5019.86,0,none
INV-2026-10348,Quarterly consulting retainer for executive legal counsel support. Direct payment required per invoice terms.,18674.31,1,fraud
INV-2026-10349,Monthly retainer for cloud infrastructure hosting per Master Service Agreement MSA-415 and PO-68292.,7492.84,0,none
INV-2026-10350,Quarterly consulting retainer for executive legal counsel support. Direct payment required per invoice terms.,6061.35,1,fraud
INV-2026-10351,Monthly retainer for hardware maintenance per Master Service Agreement MSA-667 and PO-22198.,1604.69,0,none
INV-2026-10352,Re-submission: Invoice for PO-21101 services rendered. Remit via updated wire transfer protocol.,9309.56,1,fraud
INV-2026-10353,Executive travel reimbursement and client dining expense report for Q2 strategic review.,8150.81,0,none
INV-2026-10354,Quarterly consulting retainer for executive legal counsel support. Direct payment required per invoice terms.,18695.12,1,fraud
INV-2026-10355,Fulfillment of PO-90828: 50 units of part #PRD-8501 shipped to Chicago distribution hub.,7638.99,0,none
INV-2026-10356,URGENT: Confidential wire transfer directive from executive committee. Settlement needed within 24 hours.,17402.07,1,fraud
INV-2026-10357,Routine notice: Scheduled update to primary remittance account #8848 for contract CTR-407.,16394.98,0,none
INV-2026-10358,Re-submission: Invoice for PO-92955 services rendered. Remit via updated wire transfer protocol.,19426.71,1,fraud
INV-2026-10359,Executive travel reimbursement and client dining expense report for Q2 strategic review.,34403.92,0,none
INV-2026-10360,Special management advisory fee regarding Q3 corporate restructuring.,40086.59,1,fraud
INV-2026-10361,Monthly retainer for executive legal counsel per Master Service Agreement MSA-789 and PO-75444.,13381.4,0,none
INV-2026-10362,Quarterly consulting retainer for executive legal counsel support. Direct payment required per invoice terms.,29529.96,1,fraud
INV-2026-10363,Routine notice: Scheduled update to primary remittance account #6890 for contract CTR-990.,35380.08,0,none
INV-2026-10364,Special management advisory fee regarding Q3 corporate restructuring.,9150.59,1,fraud
INV-2026-10365,Routine notice: Scheduled update to primary remittance account #6432 for contract CTR-676.,48320.12,0,none
INV-2026-10366,Re-submission: Invoice for PO-22924 services rendered. Remit via updated wire transfer protocol.,37595.8,1,fraud
INV-2026-10367,Routine notice: Scheduled update to primary remittance account #7129 for contract CTR-804.,20165.57,0,none
INV-2026-10368,Special management advisory fee regarding Q3 corporate restructuring.,15476.18,1,fraud
INV-2026-10369,Monthly retainer for cloud infrastructure hosting per Master Service Agreement MSA-951 and PO-28569.,23311.3,0,none
INV-2026-10370,Quarterly consulting retainer for freight shipping support. Direct payment required per invoice terms.,36377.7,1,fraud
INV-2026-10371,Executive travel reimbursement and client dining expense report for Q2 strategic review.,42609.82,0,none
INV-2026-10372,URGENT: Confidential wire transfer directive from executive committee. Settlement needed within 24 hours.,17218.49,1,fraud
INV-2026-10373,Executive travel reimbursement and client dining expense report for Q2 strategic review.,32383.46,0,none
INV-2026-10374,Re-submission: Invoice for PO-90492 services rendered. Remit via updated wire transfer protocol.,20052.95,1,fraud
INV-2026-10375,Fulfillment of PO-18200: 500 units of part #PRD-2667 shipped to Chicago distribution hub.,10161.03,0,none
INV-2026-10376,Administrative processing fee for expedited customs clearance. Remit payment to account ending in -9646.,48329.9,1,fraud
INV-2026-10377,URGENT: Expedited wire transfer requested for emergency hardware replacement under SLA-497. Approved by IT director.,18247.26,0,none
INV-2026-10378,Re-submission: Invoice for PO-98288 services rendered. Remit via updated wire transfer protocol.,33933.39,1,fraud
INV-2026-10379,URGENT: Expedited wire transfer requested for emergency hardware replacement under SLA-344. Approved by IT director.,34978.39,0,none
INV-2026-10380,Special management advisory fee regarding Q3 corporate restructuring.,10101.93,1,fraud
INV-2026-10381,Routine notice: Scheduled update to primary remittance account #3298 for contract CTR-668.,10167.83,0,none
INV-2026-10382,Re-submission: Invoice for PO-57059 services rendered. Remit via updated wire transfer protocol.,10561.3,1,fraud
INV-2026-10383,Executive travel reimbursement and client dining expense report for Q2 strategic review.,21365.89,0,none
INV-2026-10384,Re-submission: Invoice for PO-20835 services rendered. Remit via updated wire transfer protocol.,15312.41,1,fraud
INV-2026-10385,URGENT: Expedited wire transfer requested for emergency hardware replacement under SLA-650. Approved by IT director.,27936.58,0,none
INV-2026-10386,URGENT: Confidential wire transfer directive from executive committee. Settlement needed within 24 hours.,41307.94,1,fraud
INV-2026-10387,Monthly retainer for executive legal counsel per Master Service Agreement MSA-659 and PO-38644.,15587.74,0,none
INV-2026-10388,URGENT: Confidential wire transfer directive from executive committee. Settlement needed within 24 hours.,39005.95,1,fraud
INV-2026-10389,Fulfillment of PO-87060: 500 units of part #PRD-6744 shipped to Chicago distribution hub.,9133.1,0,none
INV-2026-10390,Quarterly consulting retainer for cybersecurity compliance audit support. Direct payment required per invoice terms.,14773.17,1,fraud
INV-2026-10391,Routine notice: Scheduled update to primary remittance account #9428 for contract CTR-431.,49288.93,0,none
INV-2026-10392,URGENT: Confidential wire transfer directive from executive committee. Settlement needed within 24 hours.,35369.9,1,fraud
INV-2026-10393,Fulfillment of PO-52217: 50 units of part #PRD-7434 shipped to Chicago distribution hub.,7966.41,0,none
INV-2026-10394,Administrative processing fee for expedited customs clearance. Remit payment to account ending in -7600.,26265.06,1,fraud
INV-2026-10395,URGENT: Expedited wire transfer requested for emergency hardware replacement under SLA-565. Approved by IT director.,36815.66,0,none
INV-2026-10396,Re-submission: Invoice for PO-18300 services rendered. Remit via updated wire transfer protocol.,48438.3,1,fraud
INV-2026-10397,Fulfillment of PO-52318: 200 units of part #PRD-6533 shipped to Chicago distribution hub.,29318.75,0,none
INV-2026-10398,Special management advisory fee regarding Q3 corporate restructuring.,5879.16,1,fraud
INV-2026-10399,Executive travel reimbursement and client dining expense report for Q2 strategic review.,49600.07,0,none
INV-2026-10400,Re-submission: Invoice for PO-27290 services rendered. Remit via updated wire transfer protocol.,43846.75,1,fraud
INV-2026-10401,URGENT: Expedited wire transfer requested for emergency hardware replacement under SLA-770. Approved by IT director.,33560.93,0,none
INV-2026-10402,Quarterly consulting retainer for cloud infrastructure hosting support. Direct payment required per invoice terms.,33118.78,1,fraud
INV-2026-10403,Monthly retainer for cloud infrastructure hosting per Master Service Agreement MSA-318 and PO-72496.,26452.77,0,none
INV-2026-10404,Re-submission: Invoice for PO-55032 services rendered. Remit via updated wire transfer protocol.,24407.31,1,fraud
INV-2026-10405,Fulfillment of PO-23425: 50 units of part #PRD-6133 shipped to Chicago distribution hub.,44168.46,0,none
INV-2026-10406,Quarterly consulting retainer for executive legal counsel support. Direct payment required per invoice terms.,26994.91,1,fraud
INV-2026-10407,Monthly retainer for freight shipping per Master Service Agreement MSA-765 and PO-31511.,31775.92,0,none
INV-2026-10408,Quarterly consulting retainer for executive legal counsel support. Direct payment required per invoice terms.,44933.05,1,fraud
INV-2026-10409,Fulfillment of PO-60335: 200 units of part #PRD-8035 shipped to Chicago distribution hub.,39762.76,0,none
INV-2026-10410,Quarterly consulting retainer for hardware maintenance support. Direct payment required per invoice terms.,42546.71,1,fraud
INV-2026-10411,URGENT: Expedited wire transfer requested for emergency hardware replacement under SLA-630. Approved by IT director.,15481.56,0,none
INV-2026-10412,URGENT: Confidential wire transfer directive from executive committee. Settlement needed within 24 hours.,32266.03,1,fraud
INV-2026-10413,Monthly retainer for freight shipping per Master Service Agreement MSA-112 and PO-57329.,43179.89,0,none
INV-2026-10414,Special management advisory fee regarding Q3 corporate restructuring.,47768.2,1,fraud
INV-2026-10415,Monthly retainer for cloud infrastructure hosting per Master Service Agreement MSA-701 and PO-18851.,2951.52,0,none
INV-2026-10416,URGENT: Confidential wire transfer directive from executive committee. Settlement needed within 24 hours.,21755.19,1,fraud
INV-2026-10417,Executive travel reimbursement and client dining expense report for Q2 strategic review.,5096.26,0,none
INV-2026-10418,URGENT: Confidential wire transfer directive from executive committee. Settlement needed within 24 hours.,29735.42,1,fraud
INV-2026-10419,Monthly retainer for hardware maintenance per Master Service Agreement MSA-815 and PO-67342.,12979.51,0,none
INV-2026-10420,Re-submission: Invoice for PO-90254 services rendered. Remit via updated wire transfer protocol.,33637.9,1,fraud
INV-2026-10421,Fulfillment of PO-27984: 500 units of part #PRD-1185 shipped to Chicago distribution hub.,25324.23,0,none
INV-2026-10422,Administrative processing fee for expedited customs clearance. Remit payment to account ending in -3079.,37739.04,1,fraud
INV-2026-10423,URGENT: Expedited wire transfer requested for emergency hardware replacement under SLA-889. Approved by IT director.,26668.86,0,none
INV-2026-10424,Administrative processing fee for expedited customs clearance. Remit payment to account ending in -9368.,18646.07,1,fraud
INV-2026-10425,Executive travel reimbursement and client dining expense report for Q2 strategic review.,44819.15,0,none
INV-2026-10426,URGENT: Confidential wire transfer directive from executive committee. Settlement needed within 24 hours.,12983.02,1,fraud
INV-2026-10427,Executive travel reimbursement and client dining expense report for Q2 strategic review.,12001.25,0,none
INV-2026-10428,Quarterly consulting retainer for executive legal counsel support. Direct payment required per invoice terms.,6850.65,1,fraud
INV-2026-10429,Monthly retainer for cybersecurity compliance audit per Master Service Agreement MSA-328 and PO-77603.,43972.57,0,none
INV-2026-10430,Administrative processing fee for expedited customs clearance. Remit payment to account ending in -1130.,19077.05,1,fraud
INV-2026-10431,URGENT: Expedited wire transfer requested for emergency hardware replacement under SLA-903. Approved by IT director.,19045.41,0,none
INV-2026-10432,Re-submission: Invoice for PO-81638 services rendered. Remit via updated wire transfer protocol.,46687.48,1,fraud
INV-2026-10433,Monthly retainer for cybersecurity compliance audit per Master Service Agreement MSA-654 and PO-55406.,1071.64,0,none
INV-2026-10434,Re-submission: Invoice for PO-36895 services rendered. Remit via updated wire transfer protocol.,25109.41,1,fraud
INV-2026-10435,Monthly retainer for cybersecurity compliance audit per Master Service Agreement MSA-828 and PO-46677.,44967.09,0,none
INV-2026-10436,Special management advisory fee regarding Q3 corporate restructuring.,25765.96,1,fraud
INV-2026-10437,Executive travel reimbursement and client dining expense report for Q2 strategic review.,12601.82,0,none
INV-2026-10438,Administrative processing fee for expedited customs clearance. Remit payment to account ending in -6211.,23185.13,1,fraud
INV-2026-10439,Fulfillment of PO-27840: 500 units of part #PRD-2785 shipped to Chicago distribution hub.,6177.23,0,none
INV-2026-10440,Re-submission: Invoice for PO-63282 services rendered. Remit via updated wire transfer protocol.,48267.1,1,fraud
INV-2026-10441,Fulfillment of PO-70731: 200 units of part #PRD-2964 shipped to Chicago distribution hub.,8723.15,0,none
INV-2026-10442,Administrative processing fee for expedited customs clearance. Remit payment to account ending in -2494.,35846.71,1,fraud
INV-2026-10443,URGENT: Expedited wire transfer requested for emergency hardware replacement under SLA-625. Approved by IT director.,41184.39,0,none
INV-2026-10444,Quarterly consulting retainer for cloud infrastructure hosting support. Direct payment required per invoice terms.,23640.12,1,fraud
INV-2026-10445,Fulfillment of PO-18083: 50 units of part #PRD-3141 shipped to Chicago distribution hub.,41360.0,0,none
INV-2026-10446,Administrative processing fee for expedited customs clearance. Remit payment to account ending in -1357.,49860.91,1,fraud
INV-2026-10447,Fulfillment of PO-26880: 50 units of part #PRD-6432 shipped to Chicago distribution hub.,3092.12,0,none
INV-2026-10448,Re-submission: Invoice for PO-85220 services rendered. Remit via updated wire transfer protocol.,2444.63,1,fraud
INV-2026-10449,Executive travel reimbursement and client dining expense report for Q2 strategic review.,22854.56,0,none
INV-2026-10450,Quarterly consulting retainer for cloud infrastructure hosting support. Direct payment required per invoice terms.,25445.69,1,fraud
INV-2026-10451,Routine notice: Scheduled update to primary remittance account #3248 for contract CTR-162.,21542.51,0,none
INV-2026-10452,Special management advisory fee regarding Q3 corporate restructuring.,24504.54,1,fraud
INV-2026-10453,Executive travel reimbursement and client dining expense report for Q2 strategic review.,9810.98,0,none
INV-2026-10454,Administrative processing fee for expedited customs clearance. Remit payment to account ending in -8728.,26942.18,1,fraud
INV-2026-10455,Routine notice: Scheduled update to primary remittance account #5366 for contract CTR-263.,27150.79,0,none
INV-2026-10456,URGENT: Confidential wire transfer directive from executive committee. Settlement needed within 24 hours.,12591.01,1,fraud
INV-2026-10457,URGENT: Expedited wire transfer requested for emergency hardware replacement under SLA-705. Approved by IT director.,28592.34,0,none
INV-2026-10458,Quarterly consulting retainer for executive legal counsel support. Direct payment required per invoice terms.,5422.61,1,fraud
INV-2026-10459,Fulfillment of PO-12612: 500 units of part #PRD-8831 shipped to Chicago distribution hub.,17254.97,0,none
INV-2026-10460,Special management advisory fee regarding Q3 corporate restructuring.,3918.24,1,fraud
INV-2026-10461,Fulfillment of PO-28566: 50 units of part #PRD-9622 shipped to Chicago distribution hub.,48067.38,0,none
INV-2026-10462,Administrative processing fee for expedited customs clearance. Remit payment to account ending in -6285.,7686.13,1,fraud
INV-2026-10463,Fulfillment of PO-93789: 200 units of part #PRD-6198 shipped to Chicago distribution hub.,35651.96,0,none
INV-2026-10464,Special management advisory fee regarding Q3 corporate restructuring.,16034.34,1,fraud
INV-2026-10465,URGENT: Expedited wire transfer requested for emergency hardware replacement under SLA-281. Approved by IT director.,9922.01,0,none
INV-2026-10466,Administrative processing fee for expedited customs clearance. Remit payment to account ending in -9129.,7891.53,1,fraud
INV-2026-10467,Monthly retainer for cybersecurity compliance audit per Master Service Agreement MSA-455 and PO-51879.,22884.87,0,none
INV-2026-10468,Administrative processing fee for expedited customs clearance. Remit payment to account ending in -2770.,36300.27,1,fraud
INV-2026-10469,Monthly retainer for executive legal counsel per Master Service Agreement MSA-548 and PO-65004.,44206.76,0,none
INV-2026-10470,Administrative processing fee for expedited customs clearance. Remit payment to account ending in -3664.,23113.08,1,fraud
INV-2026-10471,Monthly retainer for hardware maintenance per Master Service Agreement MSA-120 and PO-51774.,17748.6,0,none
INV-2026-10472,Re-submission: Invoice for PO-19830 services rendered. Remit via updated wire transfer protocol.,30107.5,1,fraud
INV-2026-10473,Routine notice: Scheduled update to primary remittance account #8113 for contract CTR-821.,8698.09,0,none
INV-2026-10474,URGENT: Confidential wire transfer directive from executive committee. Settlement needed within 24 hours.,33369.3,1,fraud
INV-2026-10475,URGENT: Expedited wire transfer requested for emergency hardware replacement under SLA-198. Approved by IT director.,3670.74,0,none
INV-2026-10476,URGENT: Confidential wire transfer directive from executive committee. Settlement needed within 24 hours.,5752.36,1,fraud
INV-2026-10477,Fulfillment of PO-48248: 50 units of part #PRD-8758 shipped to Chicago distribution hub.,16109.32,0,none
INV-2026-10478,Re-submission: Invoice for PO-96643 services rendered. Remit via updated wire transfer protocol.,19988.83,1,fraud
INV-2026-10479,URGENT: Expedited wire transfer requested for emergency hardware replacement under SLA-478. Approved by IT director.,22547.28,0,none
INV-2026-10480,Administrative processing fee for expedited customs clearance. Remit payment to account ending in -3476.,37859.52,1,fraud
INV-2026-10481,Monthly retainer for cloud infrastructure hosting per Master Service Agreement MSA-784 and PO-55061.,28126.49,0,none
INV-2026-10482,Re-submission: Invoice for PO-80190 services rendered. Remit via updated wire transfer protocol.,24336.85,1,fraud
INV-2026-10483,Monthly retainer for executive legal counsel per Master Service Agreement MSA-974 and PO-14551.,6893.81,0,none
INV-2026-10484,Re-submission: Invoice for PO-37772 services rendered. Remit via updated wire transfer protocol.,21745.37,1,fraud
INV-2026-10485,Executive travel reimbursement and client dining expense report for Q2 strategic review.,45629.42,0,none
INV-2026-10486,URGENT: Confidential wire transfer directive from executive committee. Settlement needed within 24 hours.,26464.72,1,fraud
INV-2026-10487,Monthly retainer for freight shipping per Master Service Agreement MSA-701 and PO-78493.,8332.47,0,none
INV-2026-10488,Special management advisory fee regarding Q3 corporate restructuring.,43506.29,1,fraud
INV-2026-10489,URGENT: Expedited wire transfer requested for emergency hardware replacement under SLA-370. Approved by IT director.,2835.82,0,none
INV-2026-10490,Administrative processing fee for expedited customs clearance. Remit payment to account ending in -1635.,20393.84,1,fraud
INV-2026-10491,URGENT: Expedited wire transfer requested for emergency hardware replacement under SLA-150. Approved by IT director.,17555.44,0,none
INV-2026-10492,Administrative processing fee for expedited customs clearance. Remit payment to account ending in -4734.,7584.89,1,fraud
INV-2026-10493,Executive travel reimbursement and client dining expense report for Q2 strategic review.,22644.11,0,none
INV-2026-10494,Re-submission: Invoice for PO-77698 services rendered. Remit via updated wire transfer protocol.,39783.03,1,fraud
INV-2026-10495,Monthly retainer for hardware maintenance per Master Service Agreement MSA-826 and PO-76426.,44087.3,0,none
INV-2026-10496,URGENT: Confidential wire transfer directive from executive committee. Settlement needed within 24 hours.,23365.98,1,fraud
INV-2026-10497,URGENT: Expedited wire transfer requested for emergency hardware replacement under SLA-380. Approved by IT director.,32135.08,0,none
INV-2026-10498,URGENT: Confidential wire transfer directive from executive committee. Settlement needed within 24 hours.,48065.5,1,fraud
INV-2026-10499,Executive travel reimbursement and client dining expense report for Q2 strategic review.,37699.1,0,none
INV-2026-10500,URGENT: Confidential wire transfer directive from executive committee. Settlement needed within 24 hours.,42998.45,1,fraud
INV-2026-10501,Fulfillment of PO-95404: 200 units of part #PRD-9409 shipped to Chicago distribution hub.,43366.87,0,none
INV-2026-10502,URGENT: Confidential wire transfer directive from executive committee. Settlement needed within 24 hours.,13367.13,1,fraud
INV-2026-10503,URGENT: Expedited wire transfer requested for emergency hardware replacement under SLA-533. Approved by IT director.,11692.24,0,none
INV-2026-10504,Administrative processing fee for expedited customs clearance. Remit payment to account ending in -1120.,26064.17,1,fraud
INV-2026-10505,URGENT: Expedited wire transfer requested for emergency hardware replacement under SLA-762. Approved by IT director.,34536.24,0,none
INV-2026-10506,Re-submission: Invoice for PO-46239 services rendered. Remit via updated wire transfer protocol.,13796.2,1,fraud
INV-2026-10507,URGENT: Expedited wire transfer requested for emergency hardware replacement under SLA-253. Approved by IT director.,33365.99,0,none
INV-2026-10508,Quarterly consulting retainer for cloud infrastructure hosting support. Direct payment required per invoice terms.,20825.35,1,fraud
INV-2026-10509,Monthly retainer for freight shipping per Master Service Agreement MSA-825 and PO-84978.,34629.59,0,none
INV-2026-10510,Re-submission: Invoice for PO-49347 services rendered. Remit via updated wire transfer protocol.,5782.55,1,fraud
INV-2026-10511,Fulfillment of PO-83273: 50 units of part #PRD-6499 shipped to Chicago distribution hub.,11890.42,0,none
INV-2026-10512,Quarterly consulting retainer for hardware maintenance support. Direct payment required per invoice terms.,23724.27,1,fraud
INV-2026-10513,Monthly retainer for executive legal counsel per Master Service Agreement MSA-154 and PO-93151.,44581.88,0,none
INV-2026-10514,Special management advisory fee regarding Q3 corporate restructuring.,21242.26,1,fraud
INV-2026-10515,Fulfillment of PO-54914: 200 units of part #PRD-8496 shipped to Chicago distribution hub.,16502.79,0,none
INV-2026-10516,Quarterly consulting retainer for cloud infrastructure hosting support. Direct payment required per invoice terms.,32090.45,1,fraud
INV-2026-10517,Monthly retainer for executive legal counsel per Master Service Agreement MSA-380 and PO-37444.,39475.33,0,none
INV-2026-10518,URGENT: Confidential wire transfer directive from executive committee. Settlement needed within 24 hours.,22022.25,1,fraud
INV-2026-10519,Executive travel reimbursement and client dining expense report for Q2 strategic review.,47553.36,0,none
INV-2026-10520,Administrative processing fee for expedited customs clearance. Remit payment to account ending in -5076.,12087.02,1,fraud
INV-2026-10521,URGENT: Expedited wire transfer requested for emergency hardware replacement under SLA-232. Approved by IT director.,9183.99,0,none
INV-2026-10522,URGENT: Confidential wire transfer directive from executive committee. Settlement needed within 24 hours.,17553.92,1,fraud
INV-2026-10523,Fulfillment of PO-57087: 50 units of part #PRD-3701 shipped to Chicago distribution hub.,1937.11,0,none
INV-2026-10524,Quarterly consulting retainer for cybersecurity compliance audit support. Direct payment required per invoice terms.,7034.94,1,fraud
INV-2026-10525,Monthly retainer for executive legal counsel per Master Service Agreement MSA-997 and PO-93928.,30102.28,0,none
INV-2026-10526,URGENT: Confidential wire transfer directive from executive committee. Settlement needed within 24 hours.,22771.4,1,fraud
INV-2026-10527,Monthly retainer for freight shipping per Master Service Agreement MSA-358 and PO-72180.,35064.41,0,none
INV-2026-10528,URGENT: Confidential wire transfer directive from executive committee. Settlement needed within 24 hours.,31517.09,1,fraud
INV-2026-10529,Fulfillment of PO-23751: 500 units of part #PRD-2928 shipped to Chicago distribution hub.,6586.62,0,none
INV-2026-10530,URGENT: Confidential wire transfer directive from executive committee. Settlement needed within 24 hours.,48682.87,1,fraud
INV-2026-10531,URGENT: Expedited wire transfer requested for emergency hardware replacement under SLA-402. Approved by IT director.,45607.47,0,none
INV-2026-10532,Re-submission: Invoice for PO-10358 services rendered. Remit via updated wire transfer protocol.,41926.38,1,fraud
INV-2026-10533,Executive travel reimbursement and client dining expense report for Q2 strategic review.,32572.5,0,none
INV-2026-10534,Re-submission: Invoice for PO-70853 services rendered. Remit via updated wire transfer protocol.,43832.88,1,fraud
INV-2026-10535,URGENT: Expedited wire transfer requested for emergency hardware replacement under SLA-920. Approved by IT director.,5654.93,0,none
INV-2026-10536,URGENT: Confidential wire transfer directive from executive committee. Settlement needed within 24 hours.,18518.84,1,fraud
INV-2026-10537,Executive travel reimbursement and client dining expense report for Q2 strategic review.,6577.77,0,none
INV-2026-10538,Re-submission: Invoice for PO-60556 services rendered. Remit via updated wire transfer protocol.,32793.48,1,fraud
INV-2026-10539,Fulfillment of PO-17686: 50 units of part #PRD-2699 shipped to Chicago distribution hub.,45650.11,0,none
INV-2026-10540,Re-submission: Invoice for PO-67430 services rendered. Remit via updated wire transfer protocol.,30956.56,1,fraud
INV-2026-10541,Fulfillment of PO-24802: 200 units of part #PRD-8220 shipped to Chicago distribution hub.,4103.47,0,none
INV-2026-10542,Administrative processing fee for expedited customs clearance. Remit payment to account ending in -6542.,26435.88,1,fraud
INV-2026-10543,Routine notice: Scheduled update to primary remittance account #8895 for contract CTR-543.,17941.72,0,none
INV-2026-10544,Re-submission: Invoice for PO-83183 services rendered. Remit via updated wire transfer protocol.,32526.54,1,fraud
INV-2026-10545,Fulfillment of PO-71510: 200 units of part #PRD-3709 shipped to Chicago distribution hub.,37820.07,0,none
INV-2026-10546,Administrative processing fee for expedited customs clearance. Remit payment to account ending in -4648.,27974.28,1,fraud
INV-2026-10547,Executive travel reimbursement and client dining expense report for Q2 strategic review.,40261.8,0,none
INV-2026-10548,Re-submission: Invoice for PO-75333 services rendered. Remit via updated wire transfer protocol.,49052.87,1,fraud
INV-2026-10549,Monthly retainer for cloud infrastructure hosting per Master Service Agreement MSA-513 and PO-64046.,41469.53,0,none
INV-2026-10550,Special management advisory fee regarding Q3 corporate restructuring.,47567.4,1,fraud
INV-2026-10551,URGENT: Expedited wire transfer requested for emergency hardware replacement under SLA-936. Approved by IT director.,36116.25,0,none
INV-2026-10552,Administrative processing fee for expedited customs clearance. Remit payment to account ending in -1035.,17726.5,1,fraud
INV-2026-10553,URGENT: Expedited wire transfer requested for emergency hardware replacement under SLA-634. Approved by IT director.,44946.98,0,none
INV-2026-10554,Re-submission: Invoice for PO-63636 services rendered. Remit via updated wire transfer protocol.,10189.63,1,fraud
INV-2026-10555,Executive travel reimbursement and client dining expense report for Q2 strategic review.,38100.32,0,none
INV-2026-10556,URGENT: Confidential wire transfer directive from executive committee. Settlement needed within 24 hours.,48228.88,1,fraud
INV-2026-10557,Monthly retainer for freight shipping per Master Service Agreement MSA-853 and PO-16366.,46294.17,0,none
INV-2026-10558,Quarterly consulting retainer for freight shipping support. Direct payment required per invoice terms.,25701.4,1,fraud
INV-2026-10559,Executive travel reimbursement and client dining expense report for Q2 strategic review.,48554.09,0,none
INV-2026-10560,Re-submission: Invoice for PO-64099 services rendered. Remit via updated wire transfer protocol.,42310.65,1,fraud
INV-2026-10561,Routine notice: Scheduled update to primary remittance account #4291 for contract CTR-828.,11275.92,0,none
INV-2026-10562,Administrative processing fee for expedited customs clearance. Remit payment to account ending in -9255.,27582.08,1,fraud
INV-2026-10563,URGENT: Expedited wire transfer requested for emergency hardware replacement under SLA-879. Approved by IT director.,34037.93,0,none
INV-2026-10564,Special management advisory fee regarding Q3 corporate restructuring.,2238.33,1,fraud
INV-2026-10565,Fulfillment of PO-17419: 50 units of part #PRD-5374 shipped to Chicago distribution hub.,49193.09,0,none
INV-2026-10566,Administrative processing fee for expedited customs clearance. Remit payment to account ending in -4342.,37926.1,1,fraud
INV-2026-10567,Monthly retainer for hardware maintenance per Master Service Agreement MSA-933 and PO-69322.,12642.18,0,none
INV-2026-10568,Administrative processing fee for expedited customs clearance. Remit payment to account ending in -1881.,1635.3,1,fraud
INV-2026-10569,URGENT: Expedited wire transfer requested for emergency hardware replacement under SLA-735. Approved by IT director.,37184.05,0,none
INV-2026-10570,Quarterly consulting retainer for cybersecurity compliance audit support. Direct payment required per invoice terms.,48161.29,1,fraud
INV-2026-10571,Routine notice: Scheduled update to primary remittance account #5329 for contract CTR-486.,7373.26,0,none
INV-2026-10572,Special management advisory fee regarding Q3 corporate restructuring.,8531.47,1,fraud
INV-2026-10573,URGENT: Expedited wire transfer requested for emergency hardware replacement under SLA-152. Approved by IT director.,39705.5,0,none
INV-2026-10574,Special management advisory fee regarding Q3 corporate restructuring.,26509.71,1,fraud
INV-2026-10575,Routine notice: Scheduled update to primary remittance account #2506 for contract CTR-525.,18120.74,0,none
INV-2026-10576,Quarterly consulting retainer for hardware maintenance support. Direct payment required per invoice terms.,24268.0,1,fraud
INV-2026-10577,Routine notice: Scheduled update to primary remittance account #4937 for contract CTR-217.,45320.33,0,none
INV-2026-10578,Special management advisory fee regarding Q3 corporate restructuring.,45880.69,1,fraud
INV-2026-10579,Monthly retainer for executive legal counsel per Master Service Agreement MSA-362 and PO-80809.,45655.46,0,none
INV-2026-10580,Administrative processing fee for expedited customs clearance. Remit payment to account ending in -1718.,15525.26,1,fraud
INV-2026-10581,Fulfillment of PO-20793: 50 units of part #PRD-3742 shipped to Chicago distribution hub.,27127.09,0,none
INV-2026-10582,URGENT: Confidential wire transfer directive from executive committee. Settlement needed within 24 hours.,11073.4,1,fraud
INV-2026-10583,Executive travel reimbursement and client dining expense report for Q2 strategic review.,36126.55,0,none
INV-2026-10584,URGENT: Confidential wire transfer directive from executive committee. Settlement needed within 24 hours.,29173.15,1,fraud
INV-2026-10585,Fulfillment of PO-60860: 200 units of part #PRD-7626 shipped to Chicago distribution hub.,16503.81,0,none
INV-2026-10586,Re-submission: Invoice for PO-10773 services rendered. Remit via updated wire transfer protocol.,35343.22,1,fraud
INV-2026-10587,Monthly retainer for hardware maintenance per Master Service Agreement MSA-614 and PO-23911.,14794.35,0,none
INV-2026-10588,Re-submission: Invoice for PO-96602 services rendered. Remit via updated wire transfer protocol.,27139.92,1,fraud
INV-2026-10589,Fulfillment of PO-81529: 200 units of part #PRD-3360 shipped to Chicago distribution hub.,34187.16,0,none
INV-2026-10590,Administrative processing fee for expedited customs clearance. Remit payment to account ending in -1684.,1246.46,1,fraud
INV-2026-10591,Routine notice: Scheduled update to primary remittance account #4441 for contract CTR-650.,37666.53,0,none
INV-2026-10592,Administrative processing fee for expedited customs clearance. Remit payment to account ending in -3637.,10015.64,1,fraud
INV-2026-10593,Routine notice: Scheduled update to primary remittance account #9992 for contract CTR-298.,23601.99,0,none
INV-2026-10594,Special management advisory fee regarding Q3 corporate restructuring.,10673.46,1,fraud
INV-2026-10595,Routine notice: Scheduled update to primary remittance account #2639 for contract CTR-438.,14971.72,0,none
INV-2026-10596,URGENT: Confidential wire transfer directive from executive committee. Settlement needed within 24 hours.,34979.45,1,fraud
INV-2026-10597,Fulfillment of PO-57774: 200 units of part #PRD-8017 shipped to Chicago distribution hub.,1236.76,0,none
INV-2026-10598,Quarterly consulting retainer for cybersecurity compliance audit support. Direct payment required per invoice terms.,7580.99,1,fraud
INV-2026-10599,URGENT: Expedited wire transfer requested for emergency hardware replacement under SLA-573. Approved by IT director.,28031.92,0,none
INV-2026-10600,Quarterly consulting retainer for freight shipping support. Direct payment required per invoice terms.,13898.5,1,fraud
INV-2026-10601,Monthly retainer for cloud infrastructure hosting per Master Service Agreement MSA-119 and PO-76476.,38690.81,0,none
INV-2026-10602,Quarterly consulting retainer for cloud infrastructure hosting support. Direct payment required per invoice terms.,33041.5,1,fraud
INV-2026-10603,Fulfillment of PO-39269: 500 units of part #PRD-5767 shipped to Chicago distribution hub.,23770.36,0,none
INV-2026-10604,Special management advisory fee regarding Q3 corporate restructuring.,42551.11,1,fraud
INV-2026-10605,Routine notice: Scheduled update to primary remittance account #3608 for contract CTR-875.,9778.11,0,none
INV-2026-10606,Special management advisory fee regarding Q3 corporate restructuring.,38312.15,1,fraud
INV-2026-10607,Fulfillment of PO-58422: 50 units of part #PRD-1701 shipped to Chicago distribution hub.,26376.38,0,none
INV-2026-10608,Administrative processing fee for expedited customs clearance. Remit payment to account ending in -6309.,6058.03,1,fraud
INV-2026-10609,Routine notice: Scheduled update to primary remittance account #3848 for contract CTR-954.,19456.32,0,none
INV-2026-10610,Re-submission: Invoice for PO-95634 services rendered. Remit via updated wire transfer protocol.,19440.11,1,fraud
INV-2026-10611,Fulfillment of PO-56255: 200 units of part #PRD-8976 shipped to Chicago distribution hub.,44471.43,0,none
INV-2026-10612,URGENT: Confidential wire transfer directive from executive committee. Settlement needed within 24 hours.,26212.52,1,fraud
INV-2026-10613,URGENT: Expedited wire transfer requested for emergency hardware replacement under SLA-253. Approved by IT director.,33394.37,0,none
INV-2026-10614,Re-submission: Invoice for PO-24855 services rendered. Remit via updated wire transfer protocol.,11324.49,1,fraud
INV-2026-10615,Fulfillment of PO-41938: 50 units of part #PRD-3095 shipped to Chicago distribution hub.,7601.48,0,none
INV-2026-10616,Special management advisory fee regarding Q3 corporate restructuring.,46199.9,1,fraud
INV-2026-10617,Routine notice: Scheduled update to primary remittance account #5644 for contract CTR-713.,47415.44,0,none
INV-2026-10618,Quarterly consulting retainer for executive legal counsel support. Direct payment required per invoice terms.,41687.82,1,fraud
INV-2026-10619,Routine notice: Scheduled update to primary remittance account #5333 for contract CTR-913.,9218.36,0,none
INV-2026-10620,Administrative processing fee for expedited customs clearance. Remit payment to account ending in -7196.,19887.63,1,fraud
INV-2026-10621,Monthly retainer for cloud infrastructure hosting per Master Service Agreement MSA-307 and PO-78512.,30670.04,0,none
INV-2026-10622,Quarterly consulting retainer for executive legal counsel support. Direct payment required per invoice terms.,37866.77,1,fraud
INV-2026-10623,Monthly retainer for executive legal counsel per Master Service Agreement MSA-775 and PO-27082.,44951.48,0,none
INV-2026-10624,Re-submission: Invoice for PO-58546 services rendered. Remit via updated wire transfer protocol.,12244.83,1,fraud
INV-2026-10625,Executive travel reimbursement and client dining expense report for Q2 strategic review.,7560.27,0,none
INV-2026-10626,Re-submission: Invoice for PO-20986 services rendered. Remit via updated wire transfer protocol.,13632.44,1,fraud
INV-2026-10627,Monthly retainer for cloud infrastructure hosting per Master Service Agreement MSA-691 and PO-78490.,19376.46,0,none
INV-2026-10628,Quarterly consulting retainer for hardware maintenance support. Direct payment required per invoice terms.,32927.22,1,fraud
INV-2026-10629,URGENT: Expedited wire transfer requested for emergency hardware replacement under SLA-975. Approved by IT director.,49598.14,0,none
INV-2026-10630,Re-submission: Invoice for PO-82365 services rendered. Remit via updated wire transfer protocol.,19140.44,1,fraud
INV-2026-10631,Routine notice: Scheduled update to primary remittance account #7522 for contract CTR-359.,37053.34,0,none
INV-2026-10632,URGENT: Confidential wire transfer directive from executive committee. Settlement needed within 24 hours.,20627.48,1,fraud
INV-2026-10633,URGENT: Expedited wire transfer requested for emergency hardware replacement under SLA-728. Approved by IT director.,20066.08,0,none
INV-2026-10634,URGENT: Confidential wire transfer directive from executive committee. Settlement needed within 24 hours.,4139.94,1,fraud
INV-2026-10635,Fulfillment of PO-89826: 50 units of part #PRD-7296 shipped to Chicago distribution hub.,31084.31,0,none
INV-2026-10636,Special management advisory fee regarding Q3 corporate restructuring.,22509.63,1,fraud
INV-2026-10637,Fulfillment of PO-35525: 50 units of part #PRD-9364 shipped to Chicago distribution hub.,35224.04,0,none
INV-2026-10638,Special management advisory fee regarding Q3 corporate restructuring.,48806.65,1,fraud
INV-2026-10639,Monthly retainer for hardware maintenance per Master Service Agreement MSA-898 and PO-62354.,29717.93,0,none
INV-2026-10640,Special management advisory fee regarding Q3 corporate restructuring.,18026.28,1,fraud
INV-2026-10641,URGENT: Expedited wire transfer requested for emergency hardware replacement under SLA-720. Approved by IT director.,13794.27,0,none
INV-2026-10642,Re-submission: Invoice for PO-83220 services rendered. Remit via updated wire transfer protocol.,17658.33,1,fraud
INV-2026-10643,Monthly retainer for freight shipping per Master Service Agreement MSA-363 and PO-80504.,48336.72,0,none
INV-2026-10644,Special management advisory fee regarding Q3 corporate restructuring.,44929.67,1,fraud
INV-2026-10645,Monthly retainer for executive legal counsel per Master Service Agreement MSA-219 and PO-43792.,34168.74,0,none
INV-2026-10646,Quarterly consulting retainer for hardware maintenance support. Direct payment required per invoice terms.,35340.11,1,fraud
INV-2026-10647,URGENT: Expedited wire transfer requested for emergency hardware replacement under SLA-394. Approved by IT director.,28173.02,0,none
INV-2026-10648,Quarterly consulting retainer for executive legal counsel support. Direct payment required per invoice terms.,47408.79,1,fraud
INV-2026-10649,Fulfillment of PO-36170: 50 units of part #PRD-4965 shipped to Chicago distribution hub.,11132.15,0,none
INV-2026-10650,Quarterly consulting retainer for cybersecurity compliance audit support. Direct payment required per invoice terms.,6874.05,1,fraud
INV-2026-10651,Monthly retainer for executive legal counsel per Master Service Agreement MSA-728 and PO-10868.,19188.63,0,none
INV-2026-10652,Administrative processing fee for expedited customs clearance. Remit payment to account ending in -9374.,14733.06,1,fraud
INV-2026-10653,Fulfillment of PO-17097: 500 units of part #PRD-7933 shipped to Chicago distribution hub.,47043.07,0,none
INV-2026-10654,URGENT: Confidential wire transfer directive from executive committee. Settlement needed within 24 hours.,48848.85,1,fraud
INV-2026-10655,Routine notice: Scheduled update to primary remittance account #7216 for contract CTR-423.,29469.4,0,none
INV-2026-10656,Administrative processing fee for expedited customs clearance. Remit payment to account ending in -5306.,12619.82,1,fraud
INV-2026-10657,Executive travel reimbursement and client dining expense report for Q2 strategic review.,11316.09,0,none
INV-2026-10658,Administrative processing fee for expedited customs clearance. Remit payment to account ending in -3947.,28999.08,1,fraud
INV-2026-10659,Routine notice: Scheduled update to primary remittance account #4863 for contract CTR-933.,28211.66,0,none
INV-2026-10660,Re-submission: Invoice for PO-29601 services rendered. Remit via updated wire transfer protocol.,21654.51,1,fraud
INV-2026-10661,Fulfillment of PO-51383: 200 units of part #PRD-5915 shipped to Chicago distribution hub.,28544.78,0,none
INV-2026-10662,Special management advisory fee regarding Q3 corporate restructuring.,11557.9,1,fraud
INV-2026-10663,URGENT: Expedited wire transfer requested for emergency hardware replacement under SLA-959. Approved by IT director.,13728.69,0,none
INV-2026-10664,Administrative processing fee for expedited customs clearance. Remit payment to account ending in -7746.,6940.64,1,fraud
INV-2026-10665,Routine notice: Scheduled update to primary remittance account #3859 for contract CTR-690.,48989.28,0,none
INV-2026-10666,Administrative processing fee for expedited customs clearance. Remit payment to account ending in -8322.,44591.99,1,fraud
INV-2026-10667,Executive travel reimbursement and client dining expense report for Q2 strategic review.,32388.45,0,none
INV-2026-10668,Administrative processing fee for expedited customs clearance. Remit payment to account ending in -2168.,4876.48,1,fraud
INV-2026-10669,URGENT: Expedited wire transfer requested for emergency hardware replacement under SLA-421. Approved by IT director.,30663.86,0,none
INV-2026-10670,Re-submission: Invoice for PO-57600 services rendered. Remit via updated wire transfer protocol.,21285.46,1,fraud
INV-2026-10671,Fulfillment of PO-40753: 500 units of part #PRD-5122 shipped to Chicago distribution hub.,11318.0,0,none
INV-2026-10672,Re-submission: Invoice for PO-18361 services rendered. Remit via updated wire transfer protocol.,2291.88,1,fraud
INV-2026-10673,Executive travel reimbursement and client dining expense report for Q2 strategic review.,5131.25,0,none
INV-2026-10674,Re-submission: Invoice for PO-42426 services rendered. Remit via updated wire transfer protocol.,31697.55,1,fraud
INV-2026-10675,Fulfillment of PO-32361: 50 units of part #PRD-1575 shipped to Chicago distribution hub.,43158.07,0,none
INV-2026-10676,Administrative processing fee for expedited customs clearance. Remit payment to account ending in -8288.,7620.63,1,fraud
INV-2026-10677,Routine notice: Scheduled update to primary remittance account #9576 for contract CTR-705.,32349.54,0,none
INV-2026-10678,Special management advisory fee regarding Q3 corporate restructuring.,22651.15,1,fraud
INV-2026-10679,URGENT: Expedited wire transfer requested for emergency hardware replacement under SLA-366. Approved by IT director.,26642.5,0,none
INV-2026-10680,Quarterly consulting retainer for hardware maintenance support. Direct payment required per invoice terms.,47400.92,1,fraud
INV-2026-10681,Executive travel reimbursement and client dining expense report for Q2 strategic review.,27862.4,0,none
INV-2026-10682,Quarterly consulting retainer for executive legal counsel support. Direct payment required per invoice terms.,36031.96,1,fraud
INV-2026-10683,Executive travel reimbursement and client dining expense report for Q2 strategic review.,26313.89,0,none
INV-2026-10684,Special management advisory fee regarding Q3 corporate restructuring.,21232.29,1,fraud
INV-2026-10685,Monthly retainer for cybersecurity compliance audit per Master Service Agreement MSA-239 and PO-47957.,14334.57,0,none
INV-2026-10686,Special management advisory fee regarding Q3 corporate restructuring.,48516.09,1,fraud
INV-2026-10687,Monthly retainer for cybersecurity compliance audit per Master Service Agreement MSA-204 and PO-46977.,36628.25,0,none
INV-2026-10688,Quarterly consulting retainer for cloud infrastructure hosting support. Direct payment required per invoice terms.,21591.91,1,fraud
INV-2026-10689,Executive travel reimbursement and client dining expense report for Q2 strategic review.,3745.88,0,none
INV-2026-10690,Re-submission: Invoice for PO-71623 services rendered. Remit via updated wire transfer protocol.,41045.29,1,fraud
INV-2026-10691,Monthly retainer for cloud infrastructure hosting per Master Service Agreement MSA-886 and PO-42631.,37143.33,0,none
INV-2026-10692,URGENT: Confidential wire transfer directive from executive committee. Settlement needed within 24 hours.,20067.03,1,fraud
INV-2026-10693,URGENT: Expedited wire transfer requested for emergency hardware replacement under SLA-262. Approved by IT director.,6984.93,0,none
INV-2026-10694,Re-submission: Invoice for PO-57241 services rendered. Remit via updated wire transfer protocol.,12562.33,1,fraud
INV-2026-10695,Executive travel reimbursement and client dining expense report for Q2 strategic review.,39668.05,0,none
INV-2026-10696,URGENT: Confidential wire transfer directive from executive committee. Settlement needed within 24 hours.,38769.05,1,fraud
INV-2026-10697,Fulfillment of PO-21980: 500 units of part #PRD-6544 shipped to Chicago distribution hub.,3928.98,0,none
INV-2026-10698,Quarterly consulting retainer for freight shipping support. Direct payment required per invoice terms.,16520.24,1,fraud
INV-2026-10699,Routine notice: Scheduled update to primary remittance account #1349 for contract CTR-924.,34773.25,0,none
INV-2026-10700,Administrative processing fee for expedited customs clearance. Remit payment to account ending in -5828.,27593.97,1,fraud
INV-2026-10701,Executive travel reimbursement and client dining expense report for Q2 strategic review.,36887.72,0,none
INV-2026-10702,Administrative processing fee for expedited customs clearance. Remit payment to account ending in -9702.,8596.25,1,fraud
INV-2026-10703,URGENT: Expedited wire transfer requested for emergency hardware replacement under SLA-654. Approved by IT director.,19573.13,0,none
INV-2026-10704,Quarterly consulting retainer for cloud infrastructure hosting support. Direct payment required per invoice terms.,36329.17,1,fraud
INV-2026-10705,Routine notice: Scheduled update to primary remittance account #3525 for contract CTR-294.,31038.92,0,none
INV-2026-10706,Administrative processing fee for expedited customs clearance. Remit payment to account ending in -9572.,33285.66,1,fraud
INV-2026-10707,Monthly retainer for cybersecurity compliance audit per Master Service Agreement MSA-282 and PO-14099.,10389.22,0,none
INV-2026-10708,URGENT: Confidential wire transfer directive from executive committee. Settlement needed within 24 hours.,31574.55,1,fraud
INV-2026-10709,Routine notice: Scheduled update to primary remittance account #1214 for contract CTR-150.,46580.34,0,none
INV-2026-10710,Quarterly consulting retainer for executive legal counsel support. Direct payment required per invoice terms.,28342.97,1,fraud
INV-2026-10711,Executive travel reimbursement and client dining expense report for Q2 strategic review.,2992.0,0,none
INV-2026-10712,URGENT: Confidential wire transfer directive from executive committee. Settlement needed within 24 hours.,36533.42,1,fraud
INV-2026-10713,Routine notice: Scheduled update to primary remittance account #3931 for contract CTR-294.,28362.75,0,none
INV-2026-10714,Special management advisory fee regarding Q3 corporate restructuring.,35424.97,1,fraud
INV-2026-10715,Executive travel reimbursement and client dining expense report for Q2 strategic review.,17538.13,0,none
INV-2026-10716,Quarterly consulting retainer for freight shipping support. Direct payment required per invoice terms.,42397.85,1,fraud
INV-2026-10717,Executive travel reimbursement and client dining expense report for Q2 strategic review.,11482.48,0,none
INV-2026-10718,Special management advisory fee regarding Q3 corporate restructuring.,36589.35,1,fraud
INV-2026-10719,URGENT: Expedited wire transfer requested for emergency hardware replacement under SLA-116. Approved by IT director.,15716.36,0,none
INV-2026-10720,Quarterly consulting retainer for cybersecurity compliance audit support. Direct payment required per invoice terms.,28259.83,1,fraud
INV-2026-10721,Routine notice: Scheduled update to primary remittance account #3557 for contract CTR-196.,7782.0,0,none
INV-2026-10722,Administrative processing fee for expedited customs clearance. Remit payment to account ending in -2505.,28953.87,1,fraud
INV-2026-10723,Routine notice: Scheduled update to primary remittance account #8905 for contract CTR-851.,9472.22,0,none
INV-2026-10724,Special management advisory fee regarding Q3 corporate restructuring.,4845.39,1,fraud
INV-2026-10725,Monthly retainer for hardware maintenance per Master Service Agreement MSA-456 and PO-66925.,37636.25,0,none
INV-2026-10726,Special management advisory fee regarding Q3 corporate restructuring.,26694.78,1,fraud
INV-2026-10727,URGENT: Expedited wire transfer requested for emergency hardware replacement under SLA-678. Approved by IT director.,8506.68,0,none
INV-2026-10728,Re-submission: Invoice for PO-88005 services rendered. Remit via updated wire transfer protocol.,11882.2,1,fraud
INV-2026-10729,URGENT: Expedited wire transfer requested for emergency hardware replacement under SLA-251. Approved by IT director.,29000.59,0,none
INV-2026-10730,URGENT: Confidential wire transfer directive from executive committee. Settlement needed within 24 hours.,22290.06,1,fraud
INV-2026-10731,Fulfillment of PO-83308: 50 units of part #PRD-8993 shipped to Chicago distribution hub.,32960.17,0,none
INV-2026-10732,Quarterly consulting retainer for freight shipping support. Direct payment required per invoice terms.,14046.6,1,fraud
INV-2026-10733,Executive travel reimbursement and client dining expense report for Q2 strategic review.,21753.49,0,none
INV-2026-10734,Administrative processing fee for expedited customs clearance. Remit payment to account ending in -5994.,9293.51,1,fraud
INV-2026-10735,URGENT: Expedited wire transfer requested for emergency hardware replacement under SLA-941. Approved by IT director.,3199.0,0,none
INV-2026-10736,Quarterly consulting retainer for cybersecurity compliance audit support. Direct payment required per invoice terms.,37239.5,1,fraud
INV-2026-10737,Fulfillment of PO-47707: 50 units of part #PRD-6624 shipped to Chicago distribution hub.,15950.78,0,none
INV-2026-10738,Re-submission: Invoice for PO-37395 services rendered. Remit via updated wire transfer protocol.,10986.27,1,fraud
INV-2026-10739,Routine notice: Scheduled update to primary remittance account #1301 for contract CTR-661.,19453.73,0,none
INV-2026-10740,Special management advisory fee regarding Q3 corporate restructuring.,39670.24,1,fraud
INV-2026-10741,Routine notice: Scheduled update to primary remittance account #2091 for contract CTR-154.,20043.61,0,none
INV-2026-10742,Administrative processing fee for expedited customs clearance. Remit payment to account ending in -7332.,12327.26,1,fraud
INV-2026-10743,Executive travel reimbursement and client dining expense report for Q2 strategic review.,5313.01,0,none
INV-2026-10744,Quarterly consulting retainer for freight shipping support. Direct payment required per invoice terms.,13122.21,1,fraud
INV-2026-10745,Routine notice: Scheduled update to primary remittance account #1301 for contract CTR-441.,17992.22,0,none
INV-2026-10746,Administrative processing fee for expedited customs clearance. Remit payment to account ending in -5519.,40782.75,1,fraud
INV-2026-10747,URGENT: Expedited wire transfer requested for emergency hardware replacement under SLA-934. Approved by IT director.,8433.7,0,none
INV-2026-10748,Re-submission: Invoice for PO-60096 services rendered. Remit via updated wire transfer protocol.,12777.68,1,fraud
INV-2026-10749,Fulfillment of PO-89346: 200 units of part #PRD-8359 shipped to Chicago distribution hub.,7456.83,0,none
INV-2026-10750,Quarterly consulting retainer for freight shipping support. Direct payment required per invoice terms.,34738.07,1,fraud
INV-2026-10751,Routine notice: Scheduled update to primary remittance account #6201 for contract CTR-540.,4322.89,0,none
INV-2026-10752,Special management advisory fee regarding Q3 corporate restructuring.,44126.46,1,fraud
INV-2026-10753,Executive travel reimbursement and client dining expense report for Q2 strategic review.,39176.29,0,none
INV-2026-10754,URGENT: Confidential wire transfer directive from executive committee. Settlement needed within 24 hours.,30221.67,1,fraud
INV-2026-10755,Fulfillment of PO-20417: 500 units of part #PRD-8808 shipped to Chicago distribution hub.,25613.9,0,none
INV-2026-10756,Special management advisory fee regarding Q3 corporate restructuring.,25080.83,1,fraud
INV-2026-10757,Fulfillment of PO-39658: 50 units of part #PRD-7694 shipped to Chicago distribution hub.,46346.32,0,none
INV-2026-10758,Re-submission: Invoice for PO-97993 services rendered. Remit via updated wire transfer protocol.,9676.83,1,fraud
INV-2026-10759,Executive travel reimbursement and client dining expense report for Q2 strategic review.,20838.47,0,none
INV-2026-10760,URGENT: Confidential wire transfer directive from executive committee. Settlement needed within 24 hours.,30963.74,1,fraud
INV-2026-10761,Routine notice: Scheduled update to primary remittance account #9530 for contract CTR-649.,6356.5,0,none
INV-2026-10762,Re-submission: Invoice for PO-42207 services rendered. Remit via updated wire transfer protocol.,49207.7,1,fraud
INV-2026-10763,Monthly retainer for freight shipping per Master Service Agreement MSA-496 and PO-77649.,15267.79,0,none
INV-2026-10764,Re-submission: Invoice for PO-47475 services rendered. Remit via updated wire transfer protocol.,15426.57,1,fraud
INV-2026-10765,Monthly retainer for freight shipping per Master Service Agreement MSA-245 and PO-70762.,36409.69,0,none
INV-2026-10766,URGENT: Confidential wire transfer directive from executive committee. Settlement needed within 24 hours.,20260.27,1,fraud
INV-2026-10767,URGENT: Expedited wire transfer requested for emergency hardware replacement under SLA-125. Approved by IT director.,5418.8,0,none
INV-2026-10768,Administrative processing fee for expedited customs clearance. Remit payment to account ending in -8362.,32069.55,1,fraud
INV-2026-10769,Monthly retainer for freight shipping per Master Service Agreement MSA-824 and PO-60343.,19555.25,0,none
INV-2026-10770,Re-submission: Invoice for PO-32398 services rendered. Remit via updated wire transfer protocol.,43572.11,1,fraud
INV-2026-10771,Fulfillment of PO-50378: 200 units of part #PRD-8311 shipped to Chicago distribution hub.,31696.19,0,none
INV-2026-10772,URGENT: Confidential wire transfer directive from executive committee. Settlement needed within 24 hours.,23473.49,1,fraud
INV-2026-10773,Executive travel reimbursement and client dining expense report for Q2 strategic review.,11626.82,0,none
INV-2026-10774,Re-submission: Invoice for PO-67917 services rendered. Remit via updated wire transfer protocol.,44226.23,1,fraud
INV-2026-10775,URGENT: Expedited wire transfer requested for emergency hardware replacement under SLA-743. Approved by IT director.,8264.55,0,none
INV-2026-10776,Administrative processing fee for expedited customs clearance. Remit payment to account ending in -6424.,46098.85,1,fraud
INV-2026-10777,Monthly retainer for cloud infrastructure hosting per Master Service Agreement MSA-526 and PO-33363.,48348.37,0,none
INV-2026-10778,Special management advisory fee regarding Q3 corporate restructuring.,44978.96,1,fraud
INV-2026-10779,Monthly retainer for executive legal counsel per Master Service Agreement MSA-963 and PO-82151.,7592.74,0,none
INV-2026-10780,Administrative processing fee for expedited customs clearance. Remit payment to account ending in -4425.,30990.63,1,fraud
INV-2026-10781,Monthly retainer for freight shipping per Master Service Agreement MSA-847 and PO-92441.,36479.63,0,none
INV-2026-10782,Special management advisory fee regarding Q3 corporate restructuring.,29181.99,1,fraud
INV-2026-10783,Routine notice: Scheduled update to primary remittance account #9514 for contract CTR-232.,36730.05,0,none
INV-2026-10784,Re-submission: Invoice for PO-33580 services rendered. Remit via updated wire transfer protocol.,48983.63,1,fraud
INV-2026-10785,Monthly retainer for cloud infrastructure hosting per Master Service Agreement MSA-124 and PO-70933.,40178.65,0,none
INV-2026-10786,Re-submission: Invoice for PO-53750 services rendered. Remit via updated wire transfer protocol.,32390.3,1,fraud
INV-2026-10787,URGENT: Expedited wire transfer requested for emergency hardware replacement under SLA-909. Approved by IT director.,27949.69,0,none
INV-2026-10788,URGENT: Confidential wire transfer directive from executive committee. Settlement needed within 24 hours.,41770.1,1,fraud
INV-2026-10789,Fulfillment of PO-54294: 500 units of part #PRD-8849 shipped to Chicago distribution hub.,40065.46,0,none
INV-2026-10790,Quarterly consulting retainer for executive legal counsel support. Direct payment required per invoice terms.,23661.03,1,fraud
INV-2026-10791,Executive travel reimbursement and client dining expense report for Q2 strategic review.,1917.2,0,none
INV-2026-10792,Special management advisory fee regarding Q3 corporate restructuring.,42196.22,1,fraud
INV-2026-10793,URGENT: Expedited wire transfer requested for emergency hardware replacement under SLA-741. Approved by IT director.,30164.4,0,none
INV-2026-10794,Administrative processing fee for expedited customs clearance. Remit payment to account ending in -2422.,25355.67,1,fraud
INV-2026-10795,Fulfillment of PO-49666: 50 units of part #PRD-9603 shipped to Chicago distribution hub.,9575.62,0,none
INV-2026-10796,Administrative processing fee for expedited customs clearance. Remit payment to account ending in -9290.,2221.8,1,fraud
INV-2026-10797,Executive travel reimbursement and client dining expense report for Q2 strategic review.,16207.58,0,none
INV-2026-10798,Administrative processing fee for expedited customs clearance. Remit payment to account ending in -4361.,36503.96,1,fraud
INV-2026-10799,Executive travel reimbursement and client dining expense report for Q2 strategic review.,46684.53,0,none
INV-2026-10800,Special management advisory fee regarding Q3 corporate restructuring.,38542.83,1,fraud
INV-2026-10801,URGENT: Expedited wire transfer requested for emergency hardware replacement under SLA-691. Approved by IT director.,10827.22,0,none
INV-2026-10802,Administrative processing fee for expedited customs clearance. Remit payment to account ending in -5467.,8316.72,1,fraud
INV-2026-10803,URGENT: Expedited wire transfer requested for emergency hardware replacement under SLA-115. Approved by IT director.,11122.29,0,none
INV-2026-10804,Administrative processing fee for expedited customs clearance. Remit payment to account ending in -5011.,9392.47,1,fraud
INV-2026-10805,URGENT: Expedited wire transfer requested for emergency hardware replacement under SLA-446. Approved by IT director.,2420.64,0,none
INV-2026-10806,URGENT: Confidential wire transfer directive from executive committee. Settlement needed within 24 hours.,9770.17,1,fraud
INV-2026-10807,Routine notice: Scheduled update to primary remittance account #6119 for contract CTR-744.,17284.27,0,none
INV-2026-10808,Quarterly consulting retainer for freight shipping support. Direct payment required per invoice terms.,40829.7,1,fraud
INV-2026-10809,Executive travel reimbursement and client dining expense report for Q2 strategic review.,12353.02,0,none
INV-2026-10810,Quarterly consulting retainer for cybersecurity compliance audit support. Direct payment required per invoice terms.,9984.3,1,fraud
INV-2026-10811,URGENT: Expedited wire transfer requested for emergency hardware replacement under SLA-564. Approved by IT director.,6531.47,0,none
INV-2026-10812,Re-submission: Invoice for PO-32387 services rendered. Remit via updated wire transfer protocol.,25889.53,1,fraud
INV-2026-10813,Executive travel reimbursement and client dining expense report for Q2 strategic review.,27104.53,0,none
INV-2026-10814,Re-submission: Invoice for PO-41270 services rendered. Remit via updated wire transfer protocol.,8791.99,1,fraud
INV-2026-10815,Executive travel reimbursement and client dining expense report for Q2 strategic review.,28793.35,0,none
INV-2026-10816,Administrative processing fee for expedited customs clearance. Remit payment to account ending in -8972.,6601.82,1,fraud
INV-2026-10817,Routine notice: Scheduled update to primary remittance account #3886 for contract CTR-433.,16093.75,0,none
INV-2026-10818,Re-submission: Invoice for PO-24253 services rendered. Remit via updated wire transfer protocol.,25220.46,1,fraud
INV-2026-10819,Monthly retainer for cloud infrastructure hosting per Master Service Agreement MSA-322 and PO-28208.,33383.19,0,none
INV-2026-10820,Re-submission: Invoice for PO-61115 services rendered. Remit via updated wire transfer protocol.,11077.42,1,fraud
INV-2026-10821,URGENT: Expedited wire transfer requested for emergency hardware replacement under SLA-683. Approved by IT director.,49524.17,0,none
INV-2026-10822,Special management advisory fee regarding Q3 corporate restructuring.,4058.12,1,fraud
INV-2026-10823,Routine notice: Scheduled update to primary remittance account #5623 for contract CTR-100.,43418.3,0,none
INV-2026-10824,Quarterly consulting retainer for executive legal counsel support. Direct payment required per invoice terms.,20895.6,1,fraud
INV-2026-10825,Executive travel reimbursement and client dining expense report for Q2 strategic review.,10223.12,0,none
INV-2026-10826,Re-submission: Invoice for PO-64687 services rendered. Remit via updated wire transfer protocol.,7579.59,1,fraud
INV-2026-10827,Monthly retainer for cloud infrastructure hosting per Master Service Agreement MSA-247 and PO-73792.,5148.51,0,none
INV-2026-10828,Re-submission: Invoice for PO-89223 services rendered. Remit via updated wire transfer protocol.,25961.33,1,fraud
INV-2026-10829,Routine notice: Scheduled update to primary remittance account #7959 for contract CTR-493.,30624.09,0,none
INV-2026-10830,Special management advisory fee regarding Q3 corporate restructuring.,21131.05,1,fraud
INV-2026-10831,Routine notice: Scheduled update to primary remittance account #7038 for contract CTR-475.,6545.05,0,none
INV-2026-10832,Re-submission: Invoice for PO-78997 services rendered. Remit via updated wire transfer protocol.,4833.5,1,fraud
INV-2026-10833,Routine notice: Scheduled update to primary remittance account #9834 for contract CTR-351.,40106.81,0,none
INV-2026-10834,Administrative processing fee for expedited customs clearance. Remit payment to account ending in -8681.,23247.7,1,fraud
INV-2026-10835,Executive travel reimbursement and client dining expense report for Q2 strategic review.,15171.21,0,none
INV-2026-10836,URGENT: Confidential wire transfer directive from executive committee. Settlement needed within 24 hours.,31835.7,1,fraud
INV-2026-10837,Routine notice: Scheduled update to primary remittance account #1447 for contract CTR-686.,15053.97,0,none
INV-2026-10838,URGENT: Confidential wire transfer directive from executive committee. Settlement needed within 24 hours.,31174.09,1,fraud
INV-2026-10839,URGENT: Expedited wire transfer requested for emergency hardware replacement under SLA-114. Approved by IT director.,33298.63,0,none
INV-2026-10840,Administrative processing fee for expedited customs clearance. Remit payment to account ending in -9640.,43238.71,1,fraud
INV-2026-10841,URGENT: Expedited wire transfer requested for emergency hardware replacement under SLA-248. Approved by IT director.,38748.02,0,none
INV-2026-10842,Quarterly consulting retainer for executive legal counsel support. Direct payment required per invoice terms.,3661.96,1,fraud
INV-2026-10843,URGENT: Expedited wire transfer requested for emergency hardware replacement under SLA-153. Approved by IT director.,15766.99,0,none
INV-2026-10844,Special management advisory fee regarding Q3 corporate restructuring.,13868.63,1,fraud
INV-2026-10845,Routine notice: Scheduled update to primary remittance account #6172 for contract CTR-112.,48126.37,0,none
INV-2026-10846,URGENT: Confidential wire transfer directive from executive committee. Settlement needed within 24 hours.,17413.4,1,fraud
INV-2026-10847,URGENT: Expedited wire transfer requested for emergency hardware replacement under SLA-361. Approved by IT director.,38884.4,0,none
INV-2026-10848,Quarterly consulting retainer for freight shipping support. Direct payment required per invoice terms.,16350.22,1,fraud
INV-2026-10849,Monthly retainer for cloud infrastructure hosting per Master Service Agreement MSA-951 and PO-18906.,26737.95,0,none
INV-2026-10850,Re-submission: Invoice for PO-47132 services rendered. Remit via updated wire transfer protocol.,2161.32,1,fraud
INV-2026-10851,Monthly retainer for cloud infrastructure hosting per Master Service Agreement MSA-708 and PO-96062.,5232.93,0,none
INV-2026-10852,Special management advisory fee regarding Q3 corporate restructuring.,35087.03,1,fraud
INV-2026-10853,URGENT: Expedited wire transfer requested for emergency hardware replacement under SLA-578. Approved by IT director.,38698.6,0,none
INV-2026-10854,Administrative processing fee for expedited customs clearance. Remit payment to account ending in -7271.,20040.93,1,fraud
INV-2026-10855,Monthly retainer for hardware maintenance per Master Service Agreement MSA-932 and PO-44690.,25094.37,0,none
INV-2026-10856,Quarterly consulting retainer for freight shipping support. Direct payment required per invoice terms.,8049.76,1,fraud
INV-2026-10857,Executive travel reimbursement and client dining expense report for Q2 strategic review.,6061.07,0,none
INV-2026-10858,URGENT: Confidential wire transfer directive from executive committee. Settlement needed within 24 hours.,8293.86,1,fraud
INV-2026-10859,Monthly retainer for cloud infrastructure hosting per Master Service Agreement MSA-780 and PO-61181.,45326.26,0,none
INV-2026-10860,Special management advisory fee regarding Q3 corporate restructuring.,42358.41,1,fraud
INV-2026-10861,Monthly retainer for freight shipping per Master Service Agreement MSA-331 and PO-10433.,28794.95,0,none
INV-2026-10862,Administrative processing fee for expedited customs clearance. Remit payment to account ending in -2485.,18902.41,1,fraud
INV-2026-10863,URGENT: Expedited wire transfer requested for emergency hardware replacement under SLA-961. Approved by IT director.,28169.3,0,none
INV-2026-10864,Re-submission: Invoice for PO-61131 services rendered. Remit via updated wire transfer protocol.,5158.26,1,fraud
INV-2026-10865,Executive travel reimbursement and client dining expense report for Q2 strategic review.,24972.39,0,none
INV-2026-10866,URGENT: Confidential wire transfer directive from executive committee. Settlement needed within 24 hours.,48362.13,1,fraud
INV-2026-10867,Monthly retainer for cloud infrastructure hosting per Master Service Agreement MSA-447 and PO-17347.,6791.17,0,none
INV-2026-10868,Special management advisory fee regarding Q3 corporate restructuring.,2807.01,1,fraud
INV-2026-10869,Fulfillment of PO-12498: 200 units of part #PRD-1750 shipped to Chicago distribution hub.,35363.54,0,none
INV-2026-10870,Quarterly consulting retainer for cloud infrastructure hosting support. Direct payment required per invoice terms.,23353.05,1,fraud
INV-2026-10871,Fulfillment of PO-23937: 50 units of part #PRD-9145 shipped to Chicago distribution hub.,4092.4,0,none
INV-2026-10872,Quarterly consulting retainer for executive legal counsel support. Direct payment required per invoice terms.,48816.81,1,fraud
INV-2026-10873,Routine notice: Scheduled update to primary remittance account #3841 for contract CTR-240.,17439.68,0,none
INV-2026-10874,URGENT: Confidential wire transfer directive from executive committee. Settlement needed within 24 hours.,22494.4,1,fraud
INV-2026-10875,Routine notice: Scheduled update to primary remittance account #3584 for contract CTR-236.,1765.89,0,none
INV-2026-10876,Re-submission: Invoice for PO-10946 services rendered. Remit via updated wire transfer protocol.,21394.89,1,fraud
INV-2026-10877,Executive travel reimbursement and client dining expense report for Q2 strategic review.,23070.54,0,none
INV-2026-10878,Quarterly consulting retainer for cybersecurity compliance audit support. Direct payment required per invoice terms.,30990.44,1,fraud
INV-2026-10879,Monthly retainer for hardware maintenance per Master Service Agreement MSA-456 and PO-64891.,6757.88,0,none
INV-2026-10880,Special management advisory fee regarding Q3 corporate restructuring.,23746.58,1,fraud
INV-2026-10881,Fulfillment of PO-35391: 50 units of part #PRD-3444 shipped to Chicago distribution hub.,25378.23,0,none
INV-2026-10882,Quarterly consulting retainer for cloud infrastructure hosting support. Direct payment required per invoice terms.,22298.91,1,fraud
INV-2026-10883,URGENT: Expedited wire transfer requested for emergency hardware replacement under SLA-924. Approved by IT director.,46318.21,0,none
INV-2026-10884,Quarterly consulting retainer for cybersecurity compliance audit support. Direct payment required per invoice terms.,4472.12,1,fraud
INV-2026-10885,Fulfillment of PO-85990: 200 units of part #PRD-7865 shipped to Chicago distribution hub.,37607.25,0,none
INV-2026-10886,Administrative processing fee for expedited customs clearance. Remit payment to account ending in -2606.,12618.8,1,fraud
INV-2026-10887,Executive travel reimbursement and client dining expense report for Q2 strategic review.,3662.63,0,none
INV-2026-10888,Re-submission: Invoice for PO-89879 services rendered. Remit via updated wire transfer protocol.,19300.77,1,fraud
INV-2026-10889,Executive travel reimbursement and client dining expense report for Q2 strategic review.,7233.38,0,none
INV-2026-10890,Special management advisory fee regarding Q3 corporate restructuring.,21492.97,1,fraud
INV-2026-10891,URGENT: Expedited wire transfer requested for emergency hardware replacement under SLA-402. Approved by IT director.,5237.24,0,none
INV-2026-10892,Special management advisory fee regarding Q3 corporate restructuring.,14679.37,1,fraud
INV-2026-10893,Executive travel reimbursement and client dining expense report for Q2 strategic review.,45773.98,0,none
INV-2026-10894,URGENT: Confidential wire transfer directive from executive committee. Settlement needed within 24 hours.,21859.18,1,fraud
INV-2026-10895,Executive travel reimbursement and client dining expense report for Q2 strategic review.,5071.48,0,none
INV-2026-10896,URGENT: Confidential wire transfer directive from executive committee. Settlement needed within 24 hours.,32734.37,1,fraud
INV-2026-10897,Monthly retainer for cloud infrastructure hosting per Master Service Agreement MSA-591 and PO-97691.,43038.18,0,none
INV-2026-10898,Special management advisory fee regarding Q3 corporate restructuring.,39703.08,1,fraud
INV-2026-10899,URGENT: Expedited wire transfer requested for emergency hardware replacement under SLA-820. Approved by IT director.,44778.29,0,none
INV-2026-10900,Administrative processing fee for expedited customs clearance. Remit payment to account ending in -9887.,29186.24,1,fraud
INV-2026-10901,Fulfillment of PO-54000: 500 units of part #PRD-1898 shipped to Chicago distribution hub.,47320.79,0,none
INV-2026-10902,Administrative processing fee for expedited customs clearance. Remit payment to account ending in -1669.,18912.99,1,fraud
INV-2026-10903,Fulfillment of PO-18782: 500 units of part #PRD-4354 shipped to Chicago distribution hub.,49081.33,0,none
INV-2026-10904,Quarterly consulting retainer for freight shipping support. Direct payment required per invoice terms.,16702.73,1,fraud
INV-2026-10905,URGENT: Expedited wire transfer requested for emergency hardware replacement under SLA-796. Approved by IT director.,19267.88,0,none
INV-2026-10906,Re-submission: Invoice for PO-79033 services rendered. Remit via updated wire transfer protocol.,34237.11,1,fraud
INV-2026-10907,Routine notice: Scheduled update to primary remittance account #4085 for contract CTR-562.,44703.26,0,none
INV-2026-10908,Re-submission: Invoice for PO-61207 services rendered. Remit via updated wire transfer protocol.,6358.88,1,fraud
INV-2026-10909,URGENT: Expedited wire transfer requested for emergency hardware replacement under SLA-813. Approved by IT director.,26513.69,0,none
INV-2026-10910,URGENT: Confidential wire transfer directive from executive committee. Settlement needed within 24 hours.,17988.31,1,fraud
INV-2026-10911,Executive travel reimbursement and client dining expense report for Q2 strategic review.,41912.43,0,none
INV-2026-10912,Special management advisory fee regarding Q3 corporate restructuring.,30074.51,1,fraud
INV-2026-10913,Routine notice: Scheduled update to primary remittance account #6021 for contract CTR-555.,9415.12,0,none
INV-2026-10914,Administrative processing fee for expedited customs clearance. Remit payment to account ending in -3430.,18302.92,1,fraud
INV-2026-10915,Executive travel reimbursement and client dining expense report for Q2 strategic review.,9931.75,0,none
INV-2026-10916,Quarterly consulting retainer for cybersecurity compliance audit support. Direct payment required per invoice terms.,29151.73,1,fraud
INV-2026-10917,Executive travel reimbursement and client dining expense report for Q2 strategic review.,48923.11,0,none
INV-2026-10918,Quarterly consulting retainer for hardware maintenance support. Direct payment required per invoice terms.,6953.01,1,fraud
INV-2026-10919,Monthly retainer for executive legal counsel per Master Service Agreement MSA-611 and PO-29055.,1210.42,0,none
INV-2026-10920,Special management advisory fee regarding Q3 corporate restructuring.,44902.9,1,fraud
INV-2026-10921,Routine notice: Scheduled update to primary remittance account #6549 for contract CTR-918.,34768.2,0,none
INV-2026-10922,Re-submission: Invoice for PO-98867 services rendered. Remit via updated wire transfer protocol.,2214.98,1,fraud
INV-2026-10923,Routine notice: Scheduled update to primary remittance account #1901 for contract CTR-556.,30799.41,0,none
INV-2026-10924,Quarterly consulting retainer for freight shipping support. Direct payment required per invoice terms.,5095.89,1,fraud
INV-2026-10925,Executive travel reimbursement and client dining expense report for Q2 strategic review.,30555.42,0,none
INV-2026-10926,Special management advisory fee regarding Q3 corporate restructuring.,19111.87,1,fraud
INV-2026-10927,URGENT: Expedited wire transfer requested for emergency hardware replacement under SLA-391. Approved by IT director.,43840.79,0,none
INV-2026-10928,URGENT: Confidential wire transfer directive from executive committee. Settlement needed within 24 hours.,15143.07,1,fraud
INV-2026-10929,Executive travel reimbursement and client dining expense report for Q2 strategic review.,11181.41,0,none
INV-2026-10930,Re-submission: Invoice for PO-18665 services rendered. Remit via updated wire transfer protocol.,1324.32,1,fraud
INV-2026-10931,URGENT: Expedited wire transfer requested for emergency hardware replacement under SLA-279. Approved by IT director.,10114.31,0,none
INV-2026-10932,Re-submission: Invoice for PO-74302 services rendered. Remit via updated wire transfer protocol.,25210.92,1,fraud
INV-2026-10933,Executive travel reimbursement and client dining expense report for Q2 strategic review.,47845.3,0,none
INV-2026-10934,Re-submission: Invoice for PO-97282 services rendered. Remit via updated wire transfer protocol.,25102.44,1,fraud
INV-2026-10935,Fulfillment of PO-46335: 200 units of part #PRD-2093 shipped to Chicago distribution hub.,29472.22,0,none
INV-2026-10936,Special management advisory fee regarding Q3 corporate restructuring.,19286.91,1,fraud
INV-2026-10937,Routine notice: Scheduled update to primary remittance account #3394 for contract CTR-965.,16664.37,0,none
INV-2026-10938,Quarterly consulting retainer for hardware maintenance support. Direct payment required per invoice terms.,32176.11,1,fraud
INV-2026-10939,URGENT: Expedited wire transfer requested for emergency hardware replacement under SLA-396. Approved by IT director.,10496.93,0,none
INV-2026-10940,Quarterly consulting retainer for cloud infrastructure hosting support. Direct payment required per invoice terms.,41514.28,1,fraud
INV-2026-10941,URGENT: Expedited wire transfer requested for emergency hardware replacement under SLA-801. Approved by IT director.,41342.43,0,none
INV-2026-10942,URGENT: Confidential wire transfer directive from executive committee. Settlement needed within 24 hours.,17675.34,1,fraud
INV-2026-10943,Fulfillment of PO-30257: 500 units of part #PRD-4622 shipped to Chicago distribution hub.,39960.23,0,none
INV-2026-10944,Special management advisory fee regarding Q3 corporate restructuring.,23564.08,1,fraud
INV-2026-10945,Monthly retainer for cloud infrastructure hosting per Master Service Agreement MSA-938 and PO-27200.,16267.1,0,none
INV-2026-10946,Administrative processing fee for expedited customs clearance. Remit payment to account ending in -6604.,9438.15,1,fraud
INV-2026-10947,URGENT: Expedited wire transfer requested for emergency hardware replacement under SLA-862. Approved by IT director.,34714.31,0,none
INV-2026-10948,Administrative processing fee for expedited customs clearance. Remit payment to account ending in -2830.,4809.03,1,fraud
INV-2026-10949,Executive travel reimbursement and client dining expense report for Q2 strategic review.,30065.63,0,none
INV-2026-10950,Re-submission: Invoice for PO-15672 services rendered. Remit via updated wire transfer protocol.,37972.96,1,fraud
INV-2026-10951,Monthly retainer for freight shipping per Master Service Agreement MSA-310 and PO-87018.,2433.7,0,none
INV-2026-10952,Quarterly consulting retainer for hardware maintenance support. Direct payment required per invoice terms.,39259.3,1,fraud
INV-2026-10953,Routine notice: Scheduled update to primary remittance account #1229 for contract CTR-617.,26913.1,0,none
INV-2026-10954,Quarterly consulting retainer for hardware maintenance support. Direct payment required per invoice terms.,46103.38,1,fraud
INV-2026-10955,Executive travel reimbursement and client dining expense report for Q2 strategic review.,9861.58,0,none
INV-2026-10956,Administrative processing fee for expedited customs clearance. Remit payment to account ending in -7677.,6529.43,1,fraud
INV-2026-10957,URGENT: Expedited wire transfer requested for emergency hardware replacement under SLA-577. Approved by IT director.,38351.41,0,none
INV-2026-10958,Administrative processing fee for expedited customs clearance. Remit payment to account ending in -9088.,6670.41,1,fraud
INV-2026-10959,URGENT: Expedited wire transfer requested for emergency hardware replacement under SLA-714. Approved by IT director.,28141.88,0,none
INV-2026-10960,Administrative processing fee for expedited customs clearance. Remit payment to account ending in -3937.,1626.51,1,fraud
INV-2026-10961,Executive travel reimbursement and client dining expense report for Q2 strategic review.,8025.01,0,none
INV-2026-10962,Re-submission: Invoice for PO-32114 services rendered. Remit via updated wire transfer protocol.,17592.95,1,fraud
INV-2026-10963,Routine notice: Scheduled update to primary remittance account #5563 for contract CTR-225.,38476.03,0,none
INV-2026-10964,Special management advisory fee regarding Q3 corporate restructuring.,33667.17,1,fraud
INV-2026-10965,Executive travel reimbursement and client dining expense report for Q2 strategic review.,6987.31,0,none
INV-2026-10966,Re-submission: Invoice for PO-92361 services rendered. Remit via updated wire transfer protocol.,37152.12,1,fraud
INV-2026-10967,Monthly retainer for executive legal counsel per Master Service Agreement MSA-794 and PO-13506.,8484.1,0,none
INV-2026-10968,Special management advisory fee regarding Q3 corporate restructuring.,39843.84,1,fraud
INV-2026-10969,Fulfillment of PO-75260: 200 units of part #PRD-9270 shipped to Chicago distribution hub.,27579.47,0,none
INV-2026-10970,Special management advisory fee regarding Q3 corporate restructuring.,23055.66,1,fraud
INV-2026-10971,Executive travel reimbursement and client dining expense report for Q2 strategic review.,44350.31,0,none
INV-2026-10972,Quarterly consulting retainer for executive legal counsel support. Direct payment required per invoice terms.,38436.55,1,fraud
INV-2026-10973,Routine notice: Scheduled update to primary remittance account #8697 for contract CTR-775.,24319.64,0,none
INV-2026-10974,Quarterly consulting retainer for freight shipping support. Direct payment required per invoice terms.,31230.04,1,fraud
INV-2026-10975,URGENT: Expedited wire transfer requested for emergency hardware replacement under SLA-428. Approved by IT director.,42009.77,0,none
INV-2026-10976,Administrative processing fee for expedited customs clearance. Remit payment to account ending in -2594.,21979.26,1,fraud
INV-2026-10977,URGENT: Expedited wire transfer requested for emergency hardware replacement under SLA-459. Approved by IT director.,12496.48,0,none
INV-2026-10978,Administrative processing fee for expedited customs clearance. Remit payment to account ending in -6531.,9319.18,1,fraud
INV-2026-10979,Routine notice: Scheduled update to primary remittance account #9433 for contract CTR-138.,45169.08,0,none
INV-2026-10980,Administrative processing fee for expedited customs clearance. Remit payment to account ending in -6185.,19509.14,1,fraud
INV-2026-10981,Executive travel reimbursement and client dining expense report for Q2 strategic review.,17462.41,0,none
INV-2026-10982,Special management advisory fee regarding Q3 corporate restructuring.,10886.17,1,fraud
INV-2026-10983,Monthly retainer for freight shipping per Master Service Agreement MSA-319 and PO-47664.,49815.16,0,none
INV-2026-10984,Re-submission: Invoice for PO-22053 services rendered. Remit via updated wire transfer protocol.,14394.88,1,fraud
INV-2026-10985,Routine notice: Scheduled update to primary remittance account #2256 for contract CTR-586.,32925.3,0,none
INV-2026-10986,Administrative processing fee for expedited customs clearance. Remit payment to account ending in -6133.,10803.77,1,fraud
INV-2026-10987,Executive travel reimbursement and client dining expense report for Q2 strategic review.,44163.93,0,none
INV-2026-10988,Special management advisory fee regarding Q3 corporate restructuring.,46920.98,1,fraud
INV-2026-10989,Routine notice: Scheduled update to primary remittance account #9556 for contract CTR-973.,10831.75,0,none
INV-2026-10990,Re-submission: Invoice for PO-29722 services rendered. Remit via updated wire transfer protocol.,21102.75,1,fraud
INV-2026-10991,Monthly retainer for cybersecurity compliance audit per Master Service Agreement MSA-966 and PO-64059.,13565.89,0,none
INV-2026-10992,Special management advisory fee regarding Q3 corporate restructuring.,2357.5,1,fraud
INV-2026-10993,URGENT: Expedited wire transfer requested for emergency hardware replacement under SLA-597. Approved by IT director.,10897.53,0,none
INV-2026-10994,Administrative processing fee for expedited customs clearance. Remit payment to account ending in -1691.,48225.56,1,fraud
INV-2026-10995,Executive travel reimbursement and client dining expense report for Q2 strategic review.,45128.17,0,none
INV-2026-10996,Re-submission: Invoice for PO-96170 services rendered. Remit via updated wire transfer protocol.,12566.02,1,fraud
INV-2026-10997,Routine notice: Scheduled update to primary remittance account #5125 for contract CTR-223.,25326.1,0,none
INV-2026-10998,URGENT: Confidential wire transfer directive from executive committee. Settlement needed within 24 hours.,40486.24,1,fraud
INV-2026-10999,Fulfillment of PO-28910: 50 units of part #PRD-3869 shipped to Chicago distribution hub.,48526.25,0,none
INV-2026-11000,Re-submission: Invoice for PO-87264 services rendered. Remit via updated wire transfer protocol.,19360.54,1,fraud
